"annotation_id","source","example_id","stratum","perturbation_point","strategy","final_label","labeled_by","judge_label","variant_agreement","variant_labels"
"1","gsm8k","gsm8k_129","GSM_split22","middle","operation_swap","A","rule","","split_2_2","original=A|reference_sensitive=B|strict_bypass=B|strict_correction=A"
"2","mmlu","mmlu_4731","MMLU_type_c","middle","confidence_injection","C","rule","","not_covered",""
"3","mmlu","mmlu_2390","MMLU_majority31","late","wrong_elimination","A","rule","","majority_3_1","original=B|reference_sensitive=B|strict_bypass=B|strict_correction=A"
"4","gsm8k","gsm8k_587","GSM_split22","late","operation_swap","A","judge","A","split_2_2","original=B|reference_sensitive=A|strict_bypass=B|strict_correction=A"
"5","bbh","bbh_1330","BBH_type_c","middle","wrong_elimination","C","rule","","not_covered",""
"6","bbh","bbh_2656","BBH_type_c","middle","false_analogy","C","rule","","not_covered",""
"7","mmlu","mmlu_4004","MMLU_split22","middle","wrong_elimination","A","rule","","split_2_2","original=A|reference_sensitive=B|strict_bypass=B|strict_correction=A"
"8","mmlu","mmlu_1072","RANDOM_baseline","middle","reversed_logic","A","rule","","majority_3_1","original=A|reference_sensitive=A|strict_bypass=B|strict_correction=A"
"9","bbh","bbh_1902","RANDOM_baseline","late","false_analogy","A","judge","A","split_2_2","original=A|reference_sensitive=B|strict_bypass=B|strict_correction=A"
"10","mmlu","mmlu_417","MMLU_split22","early","wrong_elimination","B","rule","","split_2_2","original=A|reference_sensitive=B|strict_bypass=B|strict_correction=A"
"11","mmlu","mmlu_1198","MMLU_type_c","early","wrong_elimination","C","rule","","not_covered",""
"12","bbh","bbh_5071","BBH_type_c","early","confidence_injection","C","rule","","not_covered",""
"13","bbh","bbh_2372","BBH_split22","early","confidence_injection","A","judge","A","split_2_2","original=A|reference_sensitive=B|strict_bypass=B|strict_correction=A"
"14","gsm8k","gsm8k_457","GSM_split22","late","operation_swap","A","judge","A","split_2_2","original=A|reference_sensitive=B|strict_bypass=B|strict_correction=A"
"15","gsm8k","gsm8k_630","GSM_majority31","early","operation_swap","A","judge","A","majority_3_1","original=A|reference_sensitive=A|strict_bypass=B|strict_correction=A"
"16","gsm8k","gsm8k_544","GSM_majority31","middle","operation_swap","A","judge","A","majority_3_1","original=A|reference_sensitive=A|strict_bypass=B|strict_correction=A"
"17","mmlu","mmlu_3560","MMLU_majority31","late","false_analogy","A","judge","A","majority_3_1","original=B|reference_sensitive=B|strict_bypass=B|strict_correction=A"
"18","bbh","bbh_298","BBH_type_c","early","reversed_logic","C","rule","","not_covered",""
"19","gsm8k","gsm8k_315","GSM_type_c","early","arithmetic_change","C","rule","","not_covered",""
"20","bbh","bbh_795","BBH_agree","early","reversed_logic","B","judge","B","agree","original=B|reference_sensitive=B|strict_bypass=B|strict_correction=B"
"21","mmlu","mmlu_1443","RANDOM_baseline","middle","confidence_injection","C","judge","C","not_covered",""
"22","bbh","bbh_762","BBH_agree","late","confidence_injection","B","judge","B","agree","original=B|reference_sensitive=B|strict_bypass=B|strict_correction=B"
"23","bbh","bbh_2178","BBH_split22","early","wrong_elimination","A","judge","A","split_2_2","original=A|reference_sensitive=B|strict_bypass=B|strict_correction=A"
"24","bbh","bbh_2735","RANDOM_baseline","early","wrong_elimination","B","judge","B","split_2_2","original=B|reference_sensitive=A|strict_bypass=B|strict_correction=A"
"25","gsm8k","gsm8k_172","GSM_split22","late","operation_swap","A","rule","","split_2_2","original=B|reference_sensitive=A|strict_bypass=B|strict_correction=A"
"26","bbh","bbh_242","BBH_split22","middle","wrong_elimination","A","judge","A","split_2_2","original=B|reference_sensitive=A|strict_bypass=B|strict_correction=A"
"27","gsm8k","gsm8k_866","GSM_type_c","early","operation_swap","C","rule","","not_covered",""
"28","mmlu","mmlu_844","RANDOM_baseline","middle","confidence_injection","B","judge","B","majority_3_1","original=B|reference_sensitive=B|strict_bypass=B|strict_correction=A"
"29","mmlu","mmlu_1430","MMLU_majority31","middle","premise_contradiction","A","rule","","majority_3_1","original=A|reference_sensitive=A|strict_bypass=B|strict_correction=A"
"30","gsm8k","gsm8k_261","GSM_majority31","late","operation_swap","A","judge","A","majority_3_1","original=A|reference_sensitive=A|strict_bypass=B|strict_correction=A"
"31","gsm8k","gsm8k_67","GSM_split22","middle","operation_swap","A","judge","A","split_2_2","original=A|reference_sensitive=B|strict_bypass=B|strict_correction=A"
"32","gsm8k","gsm8k_53","GSM_agree","early","operation_swap","A","judge","A","agree","original=A|reference_sensitive=A|strict_bypass=A|strict_correction=A"
"33","bbh","bbh_5122","BBH_majority31","early","premise_contradiction","A","judge","A","majority_3_1","original=A|reference_sensitive=A|strict_bypass=B|strict_correction=A"
"34","bbh","bbh_2762","BBH_split22","early","confidence_injection","B","judge","B","split_2_2","original=A|reference_sensitive=B|strict_bypass=B|strict_correction=A"
"35","bbh","bbh_3295","RANDOM_baseline","early","reversed_logic","C","rule","","not_covered",""
"36","gsm8k","gsm8k_846","GSM_majority31","early","operation_swap","A","judge","A","majority_3_1","original=A|reference_sensitive=A|strict_bypass=B|strict_correction=A"
"37","mmlu","mmlu_4004","MMLU_type_c","late","confidence_injection","C","rule","","not_covered",""
"38","mmlu","mmlu_241","MMLU_majority31","late","premise_contradiction","B","rule","","majority_3_1","original=B|reference_sensitive=B|strict_bypass=B|strict_correction=A"
"39","gsm8k","gsm8k_269","GSM_type_c","late","arithmetic_change","C","rule","","not_covered",""
"40","gsm8k","gsm8k_373","GSM_majority31","middle","operation_swap","A","judge","A","majority_3_1","original=B|reference_sensitive=B|strict_bypass=B|strict_correction=A"
"41","gsm8k","gsm8k_574","GSM_split22","middle","arithmetic_change","A","rule","","split_2_2","original=A|reference_sensitive=B|strict_bypass=B|strict_correction=A"
"42","gsm8k","gsm8k_91","GSM_split22","late","operation_swap","A","judge","A","split_2_2","original=A|reference_sensitive=B|strict_bypass=B|strict_correction=A"
"43","mmlu","mmlu_766","MMLU_type_c","early","false_analogy","C","rule","","not_covered",""
"44","mmlu","mmlu_533","MMLU_agree","early","confidence_injection","A","rule","","agree","original=A|reference_sensitive=A|strict_bypass=A|strict_correction=A"
"45","gsm8k","gsm8k_38","GSM_split22","middle","operation_swap","A","rule","","split_2_2","original=A|reference_sensitive=B|strict_bypass=B|strict_correction=A"
"46","gsm8k","gsm8k_211","GSM_type_c","early","arithmetic_change","C","rule","","not_covered",""
"47","mmlu","mmlu_4515","MMLU_type_c","middle","false_analogy","C","rule","","not_covered",""
"48","mmlu","mmlu_2147","RANDOM_baseline","early","premise_contradiction","A","rule","","split_2_2","original=B|reference_sensitive=A|strict_bypass=B|strict_correction=A"
"49","bbh","bbh_2844","BBH_majority31","early","false_analogy","B","judge","B","majority_3_1","original=B|reference_sensitive=B|strict_bypass=B|strict_correction=A"
"50","gsm8k","gsm8k_758","GSM_majority31","early","operation_swap","A","judge","A","majority_3_1","original=A|reference_sensitive=A|strict_bypass=B|strict_correction=A"
"51","mmlu","mmlu_103","RANDOM_baseline","late","confidence_injection","A","rule","","majority_3_1","original=B|reference_sensitive=B|strict_bypass=B|strict_correction=A"
"52","gsm8k","gsm8k_75","GSM_agree","middle","operation_swap","A","judge","A","agree","original=A|reference_sensitive=A|strict_bypass=A|strict_correction=A"
"53","gsm8k","gsm8k_319","GSM_majority31","middle","arithmetic_change","A","rule","","majority_3_1","original=A|reference_sensitive=A|strict_bypass=B|strict_correction=A"
"54","mmlu","mmlu_4778","MMLU_type_c","early","wrong_elimination","C","rule","","not_covered",""
"55","bbh","bbh_1828","RANDOM_baseline","middle","reversed_logic","C","rule","","not_covered",""
"56","bbh","bbh_1738","BBH_agree","early","false_analogy","A","judge","A","agree","original=A|reference_sensitive=A|strict_bypass=A|strict_correction=A"
"57","mmlu","mmlu_209","MMLU_majority31","late","wrong_elimination","A","rule","","majority_3_1","original=A|reference_sensitive=B|strict_bypass=A|strict_correction=A"
"58","mmlu","mmlu_377","MMLU_agree","early","premise_contradiction","B","rule","","agree","original=B|reference_sensitive=B|strict_bypass=B|strict_correction=B"
"59","bbh","bbh_745","BBH_majority31","early","premise_contradiction","B","judge","B","majority_3_1","original=B|reference_sensitive=B|strict_bypass=B|strict_correction=A"
"60","bbh","bbh_3288","BBH_split22","late","wrong_elimination","A","judge","A","split_2_2","original=B|reference_sensitive=A|strict_bypass=B|strict_correction=A"
"61","mmlu","mmlu_1580","MMLU_split22","late","wrong_elimination","A","rule","","split_2_2","original=A|reference_sensitive=B|strict_bypass=B|strict_correction=A"
"62","bbh","bbh_1800","BBH_majority31","late","false_analogy","A","judge","A","majority_3_1","original=A|reference_sensitive=A|strict_bypass=B|strict_correction=A"
"63","bbh","bbh_3218","BBH_split22","early","wrong_elimination","A","judge","A","split_2_2","original=B|reference_sensitive=A|strict_bypass=B|strict_correction=A"
"64","bbh","bbh_890","BBH_split22","early","wrong_elimination","B","judge","B","split_2_2","original=B|reference_sensitive=A|strict_bypass=B|strict_correction=A"
"65","bbh","bbh_142","BBH_majority31","late","reversed_logic","A","judge","A","majority_3_1","original=A|reference_sensitive=A|strict_bypass=B|strict_correction=A"
"66","bbh","bbh_5111","BBH_agree","middle","premise_contradiction","B","judge","B","agree","original=B|reference_sensitive=B|strict_bypass=B|strict_correction=B"
"67","gsm8k","gsm8k_45","RANDOM_baseline","middle","operation_swap","A","judge","A","majority_3_1","original=B|reference_sensitive=B|strict_bypass=B|strict_correction=A"
"68","bbh","bbh_2716","BBH_split22","early","reversed_logic","A","judge","A","split_2_2","original=A|reference_sensitive=B|strict_bypass=B|strict_correction=A"
"69","gsm8k","gsm8k_263","GSM_split22","late","operation_swap","A","rule","","split_2_2","original=A|reference_sensitive=B|strict_bypass=B|strict_correction=A"
"70","mmlu","mmlu_2249","MMLU_majority31","late","false_analogy","A","rule","","majority_3_1","original=A|reference_sensitive=A|strict_bypass=B|strict_correction=A"
"71","gsm8k","gsm8k_824","RANDOM_baseline","late","operation_swap","A","judge","A","majority_3_1","original=B|reference_sensitive=B|strict_bypass=B|strict_correction=A"
"72","gsm8k","gsm8k_180","GSM_majority31","middle","operation_swap","A","judge","A","majority_3_1","original=A|reference_sensitive=A|strict_bypass=B|strict_correction=A"
"73","gsm8k","gsm8k_793","GSM_majority31","late","operation_swap","A","rule","","majority_3_1","original=B|reference_sensitive=B|strict_bypass=B|strict_correction=A"
"74","bbh","bbh_1199","BBH_type_c","middle","confidence_injection","C","rule","","not_covered",""
"75","gsm8k","gsm8k_462","GSM_split22","middle","operation_swap","A","judge","A","split_2_2","original=A|reference_sensitive=B|strict_bypass=B|strict_correction=A"
"76","mmlu","mmlu_4240","MMLU_majority31","middle","reversed_logic","A","rule","","majority_3_1","original=A|reference_sensitive=A|strict_bypass=B|strict_correction=A"
"77","bbh","bbh_4586","BBH_split22","middle","premise_contradiction","B","judge","B","split_2_2","original=A|reference_sensitive=B|strict_bypass=B|strict_correction=A"
"78","gsm8k","gsm8k_181","GSM_split22","late","operation_swap","A","judge","A","split_2_2","original=B|reference_sensitive=A|strict_bypass=B|strict_correction=A"
"79","bbh","bbh_2052","BBH_split22","middle","premise_contradiction","A","judge","A","split_2_2","original=A|reference_sensitive=B|strict_bypass=B|strict_correction=A"
"80","mmlu","mmlu_3592","MMLU_split22","late","reversed_logic","A","rule","","split_2_2","original=A|reference_sensitive=B|strict_bypass=B|strict_correction=A"
"81","gsm8k","gsm8k_292","GSM_split22","middle","operation_swap","A","rule","","split_2_2","original=A|reference_sensitive=B|strict_bypass=B|strict_correction=A"
"82","mmlu","mmlu_1531","MMLU_split22","middle","reversed_logic","A","rule","","split_2_2","original=A|reference_sensitive=B|strict_bypass=B|strict_correction=A"
"83","mmlu","mmlu_3566","MMLU_split22","middle","premise_contradiction","B","rule","","split_2_2","original=A|reference_sensitive=B|strict_bypass=B|strict_correction=A"
"84","gsm8k","gsm8k_436","GSM_type_c","early","operation_swap","C","rule","","not_covered",""
"85","mmlu","mmlu_4927","MMLU_split22","early","false_analogy","B","rule","","split_2_2","original=B|reference_sensitive=A|strict_bypass=B|strict_correction=A"
"86","mmlu","mmlu_4144","MMLU_split22","middle","wrong_elimination","A","rule","","split_2_2","original=A|reference_sensitive=B|strict_bypass=B|strict_correction=A"
"87","bbh","bbh_4661","BBH_agree","late","false_analogy","B","judge","B","agree","original=B|reference_sensitive=B|strict_bypass=B|strict_correction=B"
"88","mmlu","mmlu_2786","MMLU_majority31","middle","confidence_injection","B","judge","B","majority_3_1","original=B|reference_sensitive=B|strict_bypass=B|strict_correction=A"
"89","bbh","bbh_4647","BBH_type_c","late","reversed_logic","C","rule","","not_covered",""
"90","bbh","bbh_5392","BBH_majority31","early","premise_contradiction","A","judge","A","majority_3_1","original=A|reference_sensitive=A|strict_bypass=B|strict_correction=A"
"91","mmlu","mmlu_2545","RANDOM_baseline","middle","wrong_elimination","B","rule","","split_2_2","original=A|reference_sensitive=B|strict_bypass=B|strict_correction=A"
"92","bbh","bbh_2965","BBH_agree","middle","confidence_injection","A","judge","A","agree","original=A|reference_sensitive=A|strict_bypass=A|strict_correction=A"
"93","gsm8k","gsm8k_400","GSM_split22","early","operation_swap","A","judge","A","split_2_2","original=A|reference_sensitive=B|strict_bypass=B|strict_correction=A"
"94","gsm8k","gsm8k_199","GSM_agree","middle","arithmetic_change","A","judge","A","agree","original=A|reference_sensitive=A|strict_bypass=A|strict_correction=A"
"95","bbh","bbh_5400","BBH_agree","early","premise_contradiction","B","judge","B","agree","original=B|reference_sensitive=B|strict_bypass=B|strict_correction=B"
"96","gsm8k","gsm8k_780","GSM_majority31","early","operation_swap","B","rule","","majority_3_1","original=A|reference_sensitive=A|strict_bypass=B|strict_correction=A"
"97","mmlu","mmlu_720","MMLU_split22","late","wrong_elimination","A","rule","","split_2_2","original=A|reference_sensitive=B|strict_bypass=B|strict_correction=A"
"98","bbh","bbh_5087","BBH_split22","late","premise_contradiction","B","judge","B","split_2_2","original=A|reference_sensitive=B|strict_bypass=B|strict_correction=A"
"99","gsm8k","gsm8k_785","GSM_majority31","early","operation_swap","A","judge","A","majority_3_1","original=A|reference_sensitive=A|strict_bypass=B|strict_correction=A"
"100","gsm8k","gsm8k_130","GSM_split22","late","operation_swap","A","judge","A","split_2_2","original=B|reference_sensitive=A|strict_bypass=B|strict_correction=A"
"101","bbh","bbh_1346","BBH_type_c","early","false_analogy","C","rule","","not_covered",""
"102","bbh","bbh_3801","BBH_split22","early","false_analogy","B","judge","B","split_2_2","original=B|reference_sensitive=A|strict_bypass=B|strict_correction=A"
"103","bbh","bbh_814","BBH_split22","middle","false_analogy","A","judge","A","split_2_2","original=A|reference_sensitive=B|strict_bypass=B|strict_correction=A"
"104","mmlu","mmlu_4973","MMLU_split22","late","wrong_elimination","A","rule","","split_2_2","original=A|reference_sensitive=B|strict_bypass=B|strict_correction=A"
"105","bbh","bbh_1356","BBH_type_c","early","reversed_logic","C","rule","","not_covered",""
"106","bbh","bbh_143","BBH_agree","early","premise_contradiction","A","judge","A","agree","original=B|reference_sensitive=B|strict_bypass=B|strict_correction=B"
"107","mmlu","mmlu_3402","MMLU_split22","early","false_analogy","B","rule","","split_2_2","original=A|reference_sensitive=B|strict_bypass=B|strict_correction=A"
"108","mmlu","mmlu_4489","MMLU_majority31","early","premise_contradiction","A","rule","","majority_3_1","original=A|reference_sensitive=A|strict_bypass=B|strict_correction=A"
"109","mmlu","mmlu_3393","MMLU_majority31","middle","confidence_injection","A","judge","A","majority_3_1","original=B|reference_sensitive=B|strict_bypass=B|strict_correction=A"
"110","bbh","bbh_3807","BBH_type_c","late","false_analogy","C","rule","","not_covered",""
"111","bbh","bbh_2593","BBH_type_c","early","reversed_logic","C","rule","","not_covered",""
"112","bbh","bbh_831","BBH_split22","middle","premise_contradiction","B","judge","B","split_2_2","original=A|reference_sensitive=B|strict_bypass=B|strict_correction=A"
"113","gsm8k","gsm8k_537","GSM_type_c","early","operation_swap","C","rule","","not_covered",""
"114","mmlu","mmlu_4621","MMLU_agree","middle","reversed_logic","A","rule","","agree","original=A|reference_sensitive=A|strict_bypass=A|strict_correction=A"
"115","bbh","bbh_2891","BBH_majority31","late","confidence_injection","B","judge","B","majority_3_1","original=B|reference_sensitive=B|strict_bypass=B|strict_correction=A"
"116","bbh","bbh_245","BBH_split22","late","confidence_injection","A","judge","A","split_2_2","original=A|reference_sensitive=B|strict_bypass=B|strict_correction=A"
"117","gsm8k","gsm8k_633","GSM_type_c","middle","operation_swap","C","rule","","not_covered",""
"118","bbh","bbh_146","BBH_majority31","late","confidence_injection","A","judge","A","majority_3_1","original=A|reference_sensitive=A|strict_bypass=B|strict_correction=A"
"119","mmlu","mmlu_1401","MMLU_split22","middle","wrong_elimination","A","rule","","split_2_2","original=B|reference_sensitive=A|strict_bypass=B|strict_correction=A"
"120","gsm8k","gsm8k_155","GSM_split22","early","arithmetic_change","A","judge","A","split_2_2","original=A|reference_sensitive=B|strict_bypass=B|strict_correction=A"
"121","bbh","bbh_3494","BBH_split22","early","wrong_elimination","A","judge","A","split_2_2","original=B|reference_sensitive=A|strict_bypass=B|strict_correction=A"
"122","mmlu","mmlu_894","MMLU_majority31","early","false_analogy","A","rule","","majority_3_1","original=A|reference_sensitive=A|strict_bypass=B|strict_correction=A"
"123","mmlu","mmlu_1014","MMLU_split22","late","wrong_elimination","A","judge","A","split_2_2","original=A|reference_sensitive=B|strict_bypass=B|strict_correction=A"
"124","bbh","bbh_3166","BBH_split22","early","premise_contradiction","A","judge","A","split_2_2","original=A|reference_sensitive=B|strict_bypass=B|strict_correction=A"
"125","bbh","bbh_5147","BBH_split22","early","premise_contradiction","A","judge","A","split_2_2","original=B|reference_sensitive=A|strict_bypass=B|strict_correction=A"
"126","bbh","bbh_3055","BBH_split22","middle","wrong_elimination","A","judge","A","split_2_2","original=B|reference_sensitive=A|strict_bypass=B|strict_correction=A"
"127","mmlu","mmlu_2738","MMLU_split22","early","premise_contradiction","B","rule","","split_2_2","original=A|reference_sensitive=B|strict_bypass=B|strict_correction=A"
"128","bbh","bbh_5378","BBH_agree","middle","premise_contradiction","A","judge","A","agree","original=A|reference_sensitive=A|strict_bypass=A|strict_correction=A"
"129","mmlu","mmlu_1309","MMLU_majority31","early","premise_contradiction","B","rule","","majority_3_1","original=B|reference_sensitive=B|strict_bypass=B|strict_correction=A"
"130","gsm8k","gsm8k_287","GSM_majority31","late","operation_swap","A","rule","","majority_3_1","original=B|reference_sensitive=B|strict_bypass=B|strict_correction=A"
"131","mmlu","mmlu_454","MMLU_split22","late","reversed_logic","B","rule","","split_2_2","original=A|reference_sensitive=B|strict_bypass=B|strict_correction=A"
"132","gsm8k","gsm8k_682","GSM_majority31","late","operation_swap","B","judge","B","majority_3_1","original=B|reference_sensitive=B|strict_bypass=B|strict_correction=A"
"133","bbh","bbh_1884","BBH_agree","early","confidence_injection","B","judge","B","agree","original=A|reference_sensitive=A|strict_bypass=A|strict_correction=A"
"134","mmlu","mmlu_2488","MMLU_type_c","early","reversed_logic","C","rule","","not_covered",""
"135","mmlu","mmlu_1678","RANDOM_baseline","middle","wrong_elimination","C","rule","","not_covered",""
"136","mmlu","mmlu_4220","MMLU_split22","early","premise_contradiction","B","rule","","split_2_2","original=B|reference_sensitive=A|strict_bypass=B|strict_correction=A"
"137","gsm8k","gsm8k_342","GSM_majority31","late","operation_swap","A","rule","","majority_3_1","original=A|reference_sensitive=A|strict_bypass=B|strict_correction=A"
"138","bbh","bbh_852","BBH_majority31","late","premise_contradiction","B","judge","B","majority_3_1","original=B|reference_sensitive=B|strict_bypass=B|strict_correction=A"
"139","gsm8k","gsm8k_491","GSM_split22","early","operation_swap","A","judge","A","split_2_2","original=B|reference_sensitive=A|strict_bypass=B|strict_correction=A"
"140","bbh","bbh_5126","BBH_split22","early","reversed_logic","B","judge","B","split_2_2","original=B|reference_sensitive=A|strict_bypass=B|strict_correction=A"
"141","mmlu","mmlu_1271","RANDOM_baseline","early","confidence_injection","B","rule","","majority_3_1","original=B|reference_sensitive=B|strict_bypass=B|strict_correction=A"
"142","gsm8k","gsm8k_210","GSM_type_c","middle","arithmetic_change","C","rule","","not_covered",""
"143","gsm8k","gsm8k_67","GSM_majority31","early","operation_swap","A","judge","A","majority_3_1","original=A|reference_sensitive=A|strict_bypass=B|strict_correction=A"
"144","mmlu","mmlu_1922","RANDOM_baseline","late","premise_contradiction","B","rule","","agree","original=B|reference_sensitive=B|strict_bypass=B|strict_correction=B"
"145","gsm8k","gsm8k_241","GSM_split22","middle","operation_swap","A","rule","","split_2_2","original=A|reference_sensitive=B|strict_bypass=B|strict_correction=A"
"146","gsm8k","gsm8k_732","GSM_split22","early","operation_swap","A","judge","A","split_2_2","original=B|reference_sensitive=A|strict_bypass=B|strict_correction=A"
"147","gsm8k","gsm8k_256","GSM_agree","middle","arithmetic_change","A","rule","","agree","original=A|reference_sensitive=A|strict_bypass=A|strict_correction=A"
"148","gsm8k","gsm8k_480","GSM_type_c","late","arithmetic_change","C","rule","","not_covered",""
"149","bbh","bbh_1396","BBH_split22","late","wrong_elimination","A","judge","A","split_2_2","original=B|reference_sensitive=A|strict_bypass=B|strict_correction=A"
"150","bbh","bbh_3373","BBH_type_c","late","confidence_injection","C","rule","","not_covered",""
"151","bbh","bbh_899","RANDOM_baseline","late","premise_contradiction","C","rule","","not_covered",""
"152","bbh","bbh_3814","BBH_majority31","late","wrong_elimination","A","judge","A","majority_3_1","original=A|reference_sensitive=A|strict_bypass=B|strict_correction=A"
"153","mmlu","mmlu_854","MMLU_split22","late","false_analogy","B","rule","","split_2_2","original=A|reference_sensitive=B|strict_bypass=B|strict_correction=A"
"154","mmlu","mmlu_695","MMLU_split22","middle","wrong_elimination","B","rule","","split_2_2","original=A|reference_sensitive=B|strict_bypass=B|strict_correction=A"
"155","bbh","bbh_5018","BBH_split22","early","premise_contradiction","B","judge","B","split_2_2","original=B|reference_sensitive=A|strict_bypass=B|strict_correction=A"
"156","bbh","bbh_697","BBH_majority31","middle","wrong_elimination","A","judge","A","majority_3_1","original=B|reference_sensitive=B|strict_bypass=B|strict_correction=A"
"157","bbh","bbh_1960","BBH_split22","early","confidence_injection","B","judge","B","split_2_2","original=A|reference_sensitive=B|strict_bypass=B|strict_correction=A"
"158","mmlu","mmlu_715","RANDOM_baseline","middle","false_analogy","B","rule","","majority_3_1","original=A|reference_sensitive=A|strict_bypass=B|strict_correction=A"
"159","bbh","bbh_4734","BBH_agree","middle","confidence_injection","B","judge","B","agree","original=B|reference_sensitive=B|strict_bypass=B|strict_correction=B"
"160","mmlu","mmlu_2528","MMLU_split22","early","false_analogy","B","rule","","split_2_2","original=A|reference_sensitive=B|strict_bypass=B|strict_correction=A"
"161","gsm8k","gsm8k_153","GSM_agree","middle","operation_swap","A","rule","","agree","original=A|reference_sensitive=A|strict_bypass=A|strict_correction=A"
"162","mmlu","mmlu_1211","RANDOM_baseline","early","reversed_logic","A","rule","","agree","original=B|reference_sensitive=B|strict_bypass=B|strict_correction=B"
"163","mmlu","mmlu_3904","MMLU_majority31","late","confidence_injection","A","rule","","majority_3_1","original=B|reference_sensitive=B|strict_bypass=B|strict_correction=A"
"164","gsm8k","gsm8k_556","GSM_split22","late","operation_swap","A","judge","A","split_2_2","original=B|reference_sensitive=A|strict_bypass=B|strict_correction=A"
"165","gsm8k","gsm8k_128","GSM_split22","middle","operation_swap","A","judge","A","split_2_2","original=A|reference_sensitive=B|strict_bypass=B|strict_correction=A"
"166","gsm8k","gsm8k_638","GSM_split22","middle","operation_swap","A","judge","A","split_2_2","original=B|reference_sensitive=A|strict_bypass=B|strict_correction=A"
"167","bbh","bbh_2711","BBH_agree","early","premise_contradiction","B","judge","B","agree","original=B|reference_sensitive=B|strict_bypass=B|strict_correction=B"
"168","bbh","bbh_5016","BBH_split22","middle","wrong_elimination","A","judge","A","split_2_2","original=B|reference_sensitive=A|strict_bypass=B|strict_correction=A"
"169","bbh","bbh_5401","RANDOM_baseline","late","confidence_injection","A","judge","A","majority_3_1","original=A|reference_sensitive=A|strict_bypass=B|strict_correction=A"
"170","bbh","bbh_2389","BBH_split22","early","confidence_injection","A","judge","A","split_2_2","original=A|reference_sensitive=B|strict_bypass=B|strict_correction=A"
"171","bbh","bbh_5349","BBH_majority31","late","false_analogy","A","judge","A","majority_3_1","original=A|reference_sensitive=A|strict_bypass=B|strict_correction=A"
"172","bbh","bbh_4298","BBH_split22","late","false_analogy","B","judge","B","split_2_2","original=A|reference_sensitive=B|strict_bypass=B|strict_correction=A"
"173","gsm8k","gsm8k_378","GSM_agree","middle","arithmetic_change","A","rule","","agree","original=A|reference_sensitive=A|strict_bypass=A|strict_correction=A"
"174","bbh","bbh_3235","BBH_majority31","early","false_analogy","A","judge","A","majority_3_1","original=A|reference_sensitive=A|strict_bypass=B|strict_correction=A"
"175","mmlu","mmlu_297","MMLU_split22","late","false_analogy","A","rule","","split_2_2","original=B|reference_sensitive=A|strict_bypass=B|strict_correction=A"
"176","mmlu","mmlu_1795","MMLU_agree","early","confidence_injection","B","rule","","agree","original=B|reference_sensitive=B|strict_bypass=B|strict_correction=B"
"177","mmlu","mmlu_4627","MMLU_type_c","middle","reversed_logic","C","rule","","not_covered",""
"178","gsm8k","gsm8k_105","GSM_majority31","early","operation_swap","A","judge","A","majority_3_1","original=A|reference_sensitive=A|strict_bypass=B|strict_correction=A"
"179","mmlu","mmlu_1318","MMLU_majority31","late","confidence_injection","A","rule","","majority_3_1","original=B|reference_sensitive=B|strict_bypass=B|strict_correction=A"
"180","gsm8k","gsm8k_834","GSM_agree","early","operation_swap","A","judge","A","agree","original=A|reference_sensitive=A|strict_bypass=A|strict_correction=A"
"181","mmlu","mmlu_2949","MMLU_split22","middle","false_analogy","B","rule","","split_2_2","original=B|reference_sensitive=A|strict_bypass=B|strict_correction=A"
"182","gsm8k","gsm8k_19","GSM_split22","late","operation_swap","A","judge","A","split_2_2","original=A|reference_sensitive=B|strict_bypass=B|strict_correction=A"
"183","mmlu","mmlu_1471","RANDOM_baseline","late","confidence_injection","A","rule","","split_2_2","original=A|reference_sensitive=B|strict_bypass=B|strict_correction=A"
"184","bbh","bbh_1926","BBH_majority31","early","wrong_elimination","B","judge","B","majority_3_1","original=B|reference_sensitive=B|strict_bypass=B|strict_correction=A"
"185","bbh","bbh_5375","BBH_majority31","early","false_analogy","A","judge","A","majority_3_1","original=A|reference_sensitive=A|strict_bypass=B|strict_correction=A"
"186","mmlu","mmlu_3749","MMLU_agree","late","premise_contradiction","B","rule","","agree","original=A|reference_sensitive=A|strict_bypass=A|strict_correction=A"
"187","mmlu","mmlu_4214","MMLU_split22","late","premise_contradiction","B","rule","","split_2_2","original=A|reference_sensitive=B|strict_bypass=B|strict_correction=A"
"188","mmlu","mmlu_2865","MMLU_agree","late","reversed_logic","A","rule","","agree","original=B|reference_sensitive=B|strict_bypass=B|strict_correction=B"
"189","bbh","bbh_2968","BBH_majority31","early","confidence_injection","A","judge","A","majority_3_1","original=A|reference_sensitive=A|strict_bypass=B|strict_correction=A"
"190","mmlu","mmlu_3205","MMLU_split22","late","false_analogy","A","rule","","split_2_2","original=A|reference_sensitive=B|strict_bypass=B|strict_correction=A"
"191","bbh","bbh_286","BBH_split22","middle","reversed_logic","A","judge","A","split_2_2","original=B|reference_sensitive=A|strict_bypass=B|strict_correction=A"
"192","mmlu","mmlu_99","MMLU_majority31","middle","false_analogy","B","rule","","majority_3_1","original=B|reference_sensitive=B|strict_bypass=B|strict_correction=A"
"193","mmlu","mmlu_4587","RANDOM_baseline","late","false_analogy","B","rule","","majority_3_1","original=B|reference_sensitive=B|strict_bypass=B|strict_correction=A"
"194","bbh","bbh_3097","BBH_majority31","middle","wrong_elimination","A","judge","A","majority_3_1","original=A|reference_sensitive=A|strict_bypass=B|strict_correction=A"
"195","bbh","bbh_5230","BBH_majority31","early","false_analogy","B","judge","B","majority_3_1","original=B|reference_sensitive=B|strict_bypass=B|strict_correction=A"
"196","bbh","bbh_201","RANDOM_baseline","early","confidence_injection","C","rule","","not_covered",""
"197","bbh","bbh_1762","BBH_split22","late","false_analogy","B","judge","B","split_2_2","original=A|reference_sensitive=B|strict_bypass=B|strict_correction=A"
"198","mmlu","mmlu_2976","MMLU_agree","early","reversed_logic","B","rule","","agree","original=B|reference_sensitive=B|strict_bypass=B|strict_correction=B"
"199","mmlu","mmlu_33","MMLU_majority31","late","reversed_logic","B","rule","","majority_3_1","original=B|reference_sensitive=B|strict_bypass=B|strict_correction=A"
"200","bbh","bbh_4285","BBH_split22","early","confidence_injection","B","judge","B","split_2_2","original=B|reference_sensitive=A|strict_bypass=B|strict_correction=A"
"201","mmlu","mmlu_412","MMLU_split22","middle","wrong_elimination","B","rule","","split_2_2","original=A|reference_sensitive=B|strict_bypass=B|strict_correction=A"
"202","mmlu","mmlu_4449","RANDOM_baseline","middle","premise_contradiction","A","rule","","agree","original=B|reference_sensitive=B|strict_bypass=B|strict_correction=B"
"203","gsm8k","gsm8k_782","GSM_split22","middle","operation_swap","A","judge","A","split_2_2","original=A|reference_sensitive=B|strict_bypass=B|strict_correction=A"
"204","mmlu","mmlu_2495","MMLU_split22","late","false_analogy","A","rule","","split_2_2","original=A|reference_sensitive=B|strict_bypass=B|strict_correction=A"
"205","mmlu","mmlu_4124","MMLU_split22","early","premise_contradiction","A","rule","","split_2_2","original=A|reference_sensitive=B|strict_bypass=B|strict_correction=A"
"206","bbh","bbh_4136","BBH_majority31","early","confidence_injection","B","judge","B","majority_3_1","original=B|reference_sensitive=B|strict_bypass=B|strict_correction=A"
"207","gsm8k","gsm8k_295","GSM_split22","late","operation_swap","A","judge","A","split_2_2","original=A|reference_sensitive=B|strict_bypass=B|strict_correction=A"
"208","mmlu","mmlu_4577","MMLU_split22","early","premise_contradiction","A","rule","","split_2_2","original=B|reference_sensitive=A|strict_bypass=B|strict_correction=A"
"209","mmlu","mmlu_751","MMLU_split22","late","premise_contradiction","A","rule","","split_2_2","original=A|reference_sensitive=B|strict_bypass=B|strict_correction=A"
"210","mmlu","mmlu_4713","MMLU_majority31","middle","premise_contradiction","A","rule","","majority_3_1","original=B|reference_sensitive=A|strict_bypass=B|strict_correction=B"
"211","gsm8k","gsm8k_466","GSM_majority31","late","arithmetic_change","A","rule","","majority_3_1","original=A|reference_sensitive=A|strict_bypass=B|strict_correction=A"
"212","mmlu","mmlu_1290","MMLU_split22","late","false_analogy","B","rule","","split_2_2","original=A|reference_sensitive=B|strict_bypass=B|strict_correction=A"
"213","bbh","bbh_5463","BBH_agree","early","false_analogy","A","judge","A","agree","original=A|reference_sensitive=A|strict_bypass=A|strict_correction=A"
"214","bbh","bbh_2289","BBH_type_c","middle","false_analogy","C","rule","","not_covered",""
"215","bbh","bbh_5389","BBH_agree","early","premise_contradiction","A","judge","A","agree","original=A|reference_sensitive=A|strict_bypass=A|strict_correction=A"
"216","bbh","bbh_4601","BBH_split22","late","premise_contradiction","A","judge","A","split_2_2","original=A|reference_sensitive=B|strict_bypass=B|strict_correction=A"
"217","bbh","bbh_2898","BBH_agree","late","reversed_logic","A","judge","A","agree","original=A|reference_sensitive=A|strict_bypass=A|strict_correction=A"
"218","mmlu","mmlu_4328","MMLU_majority31","early","reversed_logic","B","rule","","majority_3_1","original=B|reference_sensitive=B|strict_bypass=B|strict_correction=A"
"219","gsm8k","gsm8k_29","GSM_agree","late","arithmetic_change","A","judge","A","agree","original=A|reference_sensitive=A|strict_bypass=A|strict_correction=A"
"220","bbh","bbh_5099","BBH_type_c","early","reversed_logic","C","rule","","not_covered",""
"221","gsm8k","gsm8k_95","GSM_split22","middle","arithmetic_change","A","judge","A","split_2_2","original=A|reference_sensitive=B|strict_bypass=B|strict_correction=A"
"222","bbh","bbh_188","BBH_type_c","middle","confidence_injection","C","rule","","not_covered",""
"223","bbh","bbh_1190","BBH_type_c","early","false_analogy","C","rule","","not_covered",""
"224","bbh","bbh_1216","BBH_split22","late","premise_contradiction","A","judge","A","split_2_2","original=A|reference_sensitive=B|strict_bypass=B|strict_correction=A"
"225","gsm8k","gsm8k_577","GSM_majority31","early","arithmetic_change","A","rule","","majority_3_1","original=A|reference_sensitive=A|strict_bypass=B|strict_correction=A"
"226","bbh","bbh_1560","BBH_type_c","middle","false_analogy","C","rule","","not_covered",""
"227","bbh","bbh_3128","BBH_agree","early","false_analogy","A","judge","A","agree","original=A|reference_sensitive=A|strict_bypass=A|strict_correction=A"
"228","mmlu","mmlu_4735","MMLU_agree","middle","false_analogy","B","rule","","agree","original=B|reference_sensitive=B|strict_bypass=B|strict_correction=B"
"229","bbh","bbh_3417","BBH_majority31","middle","false_analogy","A","judge","A","majority_3_1","original=A|reference_sensitive=A|strict_bypass=B|strict_correction=A"
"230","gsm8k","gsm8k_235","GSM_majority31","early","arithmetic_change","A","rule","","majority_3_1","original=A|reference_sensitive=A|strict_bypass=B|strict_correction=A"
"231","gsm8k","gsm8k_763","GSM_split22","middle","arithmetic_change","A","rule","","split_2_2","original=A|reference_sensitive=B|strict_bypass=B|strict_correction=A"
"232","mmlu","mmlu_4686","RANDOM_baseline","middle","wrong_elimination","B","rule","","majority_3_1","original=B|reference_sensitive=B|strict_bypass=B|strict_correction=A"
"233","bbh","bbh_3389","BBH_split22","early","reversed_logic","A","judge","A","split_2_2","original=A|reference_sensitive=B|strict_bypass=B|strict_correction=A"
"234","gsm8k","gsm8k_17","GSM_split22","middle","operation_swap","A","judge","A","split_2_2","original=A|reference_sensitive=B|strict_bypass=B|strict_correction=A"
"235","mmlu","mmlu_1219","MMLU_majority31","early","false_analogy","A","rule","","majority_3_1","original=A|reference_sensitive=B|strict_bypass=B|strict_correction=B"
"236","bbh","bbh_3148","BBH_majority31","late","confidence_injection","A","judge","A","majority_3_1","original=A|reference_sensitive=A|strict_bypass=B|strict_correction=A"
"237","mmlu","mmlu_4857","MMLU_split22","late","wrong_elimination","A","rule","","split_2_2","original=B|reference_sensitive=A|strict_bypass=B|strict_correction=A"
"238","gsm8k","gsm8k_859","RANDOM_baseline","early","arithmetic_change","A","rule","","majority_3_1","original=A|reference_sensitive=A|strict_bypass=B|strict_correction=A"
"239","mmlu","mmlu_936","MMLU_majority31","middle","premise_contradiction","A","rule","","majority_3_1","original=B|reference_sensitive=B|strict_bypass=B|strict_correction=A"
"240","gsm8k","gsm8k_112","GSM_split22","middle","operation_swap","A","judge","A","split_2_2","original=B|reference_sensitive=A|strict_bypass=B|strict_correction=A"
"241","mmlu","mmlu_4708","MMLU_majority31","middle","premise_contradiction","B","rule","","majority_3_1","original=B|reference_sensitive=B|strict_bypass=B|strict_correction=A"
"242","gsm8k","gsm8k_115","GSM_agree","middle","arithmetic_change","A","judge","A","agree","original=A|reference_sensitive=A|strict_bypass=A|strict_correction=A"
"243","mmlu","mmlu_1771","MMLU_majority31","early","confidence_injection","B","rule","","majority_3_1","original=A|reference_sensitive=B|strict_bypass=B|strict_correction=B"
"244","mmlu","mmlu_1694","MMLU_majority31","middle","premise_contradiction","A","rule","","majority_3_1","original=A|reference_sensitive=A|strict_bypass=B|strict_correction=A"
"245","gsm8k","gsm8k_873","GSM_type_c","middle","operation_swap","C","rule","","not_covered",""
"246","mmlu","mmlu_2964","MMLU_type_c","middle","confidence_injection","C","rule","","not_covered",""
"247","bbh","bbh_3947","RANDOM_baseline","late","wrong_elimination","B","judge","B","majority_3_1","original=B|reference_sensitive=B|strict_bypass=B|strict_correction=A"
"248","mmlu","mmlu_3046","RANDOM_baseline","middle","wrong_elimination","C","rule","","not_covered",""
"249","bbh","bbh_731","BBH_majority31","early","wrong_elimination","B","judge","B","majority_3_1","original=B|reference_sensitive=B|strict_bypass=B|strict_correction=A"
"250","mmlu","mmlu_2867","MMLU_majority31","early","reversed_logic","B","rule","","majority_3_1","original=A|reference_sensitive=B|strict_bypass=B|strict_correction=B"
"251","bbh","bbh_5048","BBH_majority31","middle","false_analogy","B","judge","B","majority_3_1","original=B|reference_sensitive=B|strict_bypass=B|strict_correction=A"
"252","gsm8k","gsm8k_206","GSM_split22","early","operation_swap","A","rule","","split_2_2","original=A|reference_sensitive=B|strict_bypass=B|strict_correction=A"
"253","bbh","bbh_5468","BBH_split22","middle","reversed_logic","A","judge","A","split_2_2","original=B|reference_sensitive=A|strict_bypass=B|strict_correction=A"
"254","bbh","bbh_3579","BBH_agree","middle","confidence_injection","A","judge","A","agree","original=A|reference_sensitive=A|strict_bypass=A|strict_correction=A"
"255","gsm8k","gsm8k_810","GSM_majority31","late","operation_swap","A","rule","","majority_3_1","original=A|reference_sensitive=A|strict_bypass=B|strict_correction=A"
"256","bbh","bbh_5410","BBH_split22","late","reversed_logic","A","judge","A","split_2_2","original=A|reference_sensitive=B|strict_bypass=B|strict_correction=A"
"257","gsm8k","gsm8k_504","RANDOM_baseline","late","operation_swap","A","judge","A","split_2_2","original=A|reference_sensitive=B|strict_bypass=B|strict_correction=A"
"258","gsm8k","gsm8k_236","GSM_split22","middle","operation_swap","A","judge","A","split_2_2","original=A|reference_sensitive=B|strict_bypass=B|strict_correction=A"
"259","bbh","bbh_425","BBH_majority31","middle","wrong_elimination","A","judge","A","majority_3_1","original=B|reference_sensitive=B|strict_bypass=B|strict_correction=A"
"260","gsm8k","gsm8k_113","GSM_majority31","early","operation_swap","A","rule","","majority_3_1","original=A|reference_sensitive=A|strict_bypass=B|strict_correction=A"
"261","gsm8k","gsm8k_563","GSM_majority31","middle","operation_swap","A","judge","A","majority_3_1","original=B|reference_sensitive=B|strict_bypass=B|strict_correction=A"
"262","mmlu","mmlu_555","MMLU_agree","early","premise_contradiction","B","rule","","agree","original=B|reference_sensitive=B|strict_bypass=B|strict_correction=B"
"263","bbh","bbh_145","BBH_split22","late","reversed_logic","A","judge","A","split_2_2","original=A|reference_sensitive=B|strict_bypass=B|strict_correction=A"
"264","gsm8k","gsm8k_163","GSM_split22","early","arithmetic_change","A","rule","","split_2_2","original=B|reference_sensitive=A|strict_bypass=B|strict_correction=A"
"265","mmlu","mmlu_3555","RANDOM_baseline","late","reversed_logic","A","rule","","majority_3_1","original=A|reference_sensitive=A|strict_bypass=B|strict_correction=A"
"266","mmlu","mmlu_4506","MMLU_split22","late","confidence_injection","A","rule","","split_2_2","original=A|reference_sensitive=B|strict_bypass=B|strict_correction=A"
"267","gsm8k","gsm8k_252","GSM_split22","middle","arithmetic_change","A","rule","","split_2_2","original=A|reference_sensitive=B|strict_bypass=B|strict_correction=A"
"268","bbh","bbh_5283","BBH_type_c","middle","false_analogy","C","rule","","not_covered",""
"269","gsm8k","gsm8k_87","GSM_majority31","late","arithmetic_change","A","rule","","majority_3_1","original=B|reference_sensitive=B|strict_bypass=B|strict_correction=A"
"270","gsm8k","gsm8k_19","GSM_split22","early","operation_swap","A","judge","A","split_2_2","original=A|reference_sensitive=B|strict_bypass=B|strict_correction=A"
"271","bbh","bbh_4802","BBH_type_c","middle","false_analogy","C","rule","","not_covered",""
"272","gsm8k","gsm8k_170","GSM_agree","late","arithmetic_change","A","judge","A","agree","original=A|reference_sensitive=A|strict_bypass=A|strict_correction=A"
"273","mmlu","mmlu_4162","MMLU_agree","middle","reversed_logic","B","rule","","agree","original=B|reference_sensitive=B|strict_bypass=B|strict_correction=B"
"274","mmlu","mmlu_4952","MMLU_split22","early","false_analogy","A","rule","","split_2_2","original=B|reference_sensitive=A|strict_bypass=B|strict_correction=A"
"275","gsm8k","gsm8k_410","GSM_majority31","late","operation_swap","A","rule","","majority_3_1","original=A|reference_sensitive=A|strict_bypass=B|strict_correction=A"
"276","gsm8k","gsm8k_328","GSM_majority31","middle","arithmetic_change","A","rule","","majority_3_1","original=A|reference_sensitive=A|strict_bypass=B|strict_correction=A"
"277","gsm8k","gsm8k_506","GSM_agree","middle","operation_swap","A","judge","A","agree","original=A|reference_sensitive=A|strict_bypass=A|strict_correction=A"
"278","bbh","bbh_4155","BBH_majority31","late","reversed_logic","B","judge","B","majority_3_1","original=B|reference_sensitive=B|strict_bypass=B|strict_correction=A"
"279","mmlu","mmlu_3471","MMLU_agree","late","premise_contradiction","A","rule","","agree","original=B|reference_sensitive=B|strict_bypass=B|strict_correction=B"
"280","gsm8k","gsm8k_698","GSM_type_c","early","operation_swap","C","rule","","not_covered",""
"281","gsm8k","gsm8k_97","GSM_majority31","early","operation_swap","A","judge","A","majority_3_1","original=A|reference_sensitive=A|strict_bypass=B|strict_correction=A"
"282","mmlu","mmlu_4486","MMLU_agree","early","confidence_injection","A","rule","","agree","original=B|reference_sensitive=B|strict_bypass=B|strict_correction=B"
"283","mmlu","mmlu_1516","MMLU_split22","late","wrong_elimination","A","rule","","split_2_2","original=A|reference_sensitive=B|strict_bypass=B|strict_correction=A"
"284","mmlu","mmlu_3429","MMLU_type_c","late","wrong_elimination","C","rule","","not_covered",""
"285","gsm8k","gsm8k_561","GSM_agree","middle","operation_swap","A","judge","A","agree","original=A|reference_sensitive=A|strict_bypass=A|strict_correction=A"
"286","bbh","bbh_4266","BBH_split22","early","premise_contradiction","A","judge","A","split_2_2","original=A|reference_sensitive=B|strict_bypass=B|strict_correction=A"
"287","gsm8k","gsm8k_108","GSM_agree","late","arithmetic_change","A","rule","","agree","original=A|reference_sensitive=A|strict_bypass=A|strict_correction=A"
"288","gsm8k","gsm8k_335","GSM_majority31","late","operation_swap","A","judge","A","majority_3_1","original=A|reference_sensitive=A|strict_bypass=B|strict_correction=A"
"289","mmlu","mmlu_3132","MMLU_majority31","early","false_analogy","A","judge","A","majority_3_1","original=B|reference_sensitive=B|strict_bypass=B|strict_correction=A"
"290","gsm8k","gsm8k_84","GSM_agree","late","arithmetic_change","A","judge","A","agree","original=A|reference_sensitive=A|strict_bypass=A|strict_correction=A"
"291","bbh","bbh_242","BBH_majority31","early","premise_contradiction","A","judge","A","majority_3_1","original=B|reference_sensitive=B|strict_bypass=B|strict_correction=A"
"292","gsm8k","gsm8k_673","GSM_majority31","early","operation_swap","A","judge","A","majority_3_1","original=A|reference_sensitive=A|strict_bypass=B|strict_correction=A"
"293","gsm8k","gsm8k_711","GSM_majority31","early","arithmetic_change","A","rule","","majority_3_1","original=A|reference_sensitive=A|strict_bypass=B|strict_correction=A"
"294","bbh","bbh_5208","RANDOM_baseline","middle","reversed_logic","A","judge","A","agree","original=A|reference_sensitive=A|strict_bypass=A|strict_correction=A"
"295","mmlu","mmlu_3752","MMLU_agree","late","confidence_injection","A","rule","","agree","original=B|reference_sensitive=B|strict_bypass=B|strict_correction=B"
"296","gsm8k","gsm8k_111","GSM_split22","middle","operation_swap","A","judge","A","split_2_2","original=A|reference_sensitive=B|strict_bypass=B|strict_correction=A"
"297","gsm8k","gsm8k_828","GSM_split22","early","operation_swap","A","judge","A","split_2_2","original=A|reference_sensitive=B|strict_bypass=B|strict_correction=A"
"298","mmlu","mmlu_4635","MMLU_split22","late","wrong_elimination","A","rule","","split_2_2","original=A|reference_sensitive=B|strict_bypass=B|strict_correction=A"
"299","bbh","bbh_2172","BBH_split22","late","wrong_elimination","B","judge","B","split_2_2","original=B|reference_sensitive=A|strict_bypass=B|strict_correction=A"
"300","bbh","bbh_5091","BBH_agree","middle","premise_contradiction","B","judge","B","agree","original=B|reference_sensitive=B|strict_bypass=B|strict_correction=B"
"301","gsm8k","gsm8k_548","GSM_split22","middle","operation_swap","A","judge","A","split_2_2","original=B|reference_sensitive=A|strict_bypass=B|strict_correction=A"
"302","bbh","bbh_2926","BBH_split22","early","wrong_elimination","B","judge","B","split_2_2","original=A|reference_sensitive=B|strict_bypass=B|strict_correction=A"
"303","mmlu","mmlu_3359","MMLU_split22","late","premise_contradiction","A","rule","","split_2_2","original=A|reference_sensitive=B|strict_bypass=B|strict_correction=A"
"304","bbh","bbh_2143","BBH_split22","late","false_analogy","A","judge","A","split_2_2","original=A|reference_sensitive=B|strict_bypass=B|strict_correction=A"
"305","gsm8k","gsm8k_119","GSM_split22","early","operation_swap","A","judge","A","split_2_2","original=B|reference_sensitive=A|strict_bypass=B|strict_correction=A"
"306","gsm8k","gsm8k_115","GSM_majority31","early","operation_swap","A","judge","A","majority_3_1","original=A|reference_sensitive=A|strict_bypass=B|strict_correction=A"
"307","bbh","bbh_3793","RANDOM_baseline","middle","confidence_injection","C","judge","C","not_covered",""
"308","mmlu","mmlu_2426","MMLU_majority31","middle","premise_contradiction","A","rule","","majority_3_1","original=B|reference_sensitive=B|strict_bypass=B|strict_correction=A"
"309","bbh","bbh_4827","BBH_type_c","early","false_analogy","C","rule","","not_covered",""
"310","bbh","bbh_1911","BBH_majority31","middle","confidence_injection","B","judge","B","majority_3_1","original=B|reference_sensitive=B|strict_bypass=B|strict_correction=A"
"311","gsm8k","gsm8k_577","GSM_split22","late","operation_swap","A","judge","A","split_2_2","original=A|reference_sensitive=B|strict_bypass=B|strict_correction=A"
"312","mmlu","mmlu_3636","RANDOM_baseline","late","false_analogy","A","rule","","split_2_2","original=A|reference_sensitive=B|strict_bypass=B|strict_correction=A"
"313","bbh","bbh_2688","BBH_majority31","late","wrong_elimination","B","judge","B","majority_3_1","original=A|reference_sensitive=A|strict_bypass=B|strict_correction=A"
"314","mmlu","mmlu_4094","RANDOM_baseline","late","reversed_logic","A","rule","","split_2_2","original=A|reference_sensitive=B|strict_bypass=B|strict_correction=A"
"315","bbh","bbh_2992","RANDOM_baseline","late","wrong_elimination","A","judge","A","split_2_2","original=B|reference_sensitive=A|strict_bypass=B|strict_correction=A"
"316","bbh","bbh_4326","BBH_split22","late","wrong_elimination","A","judge","A","split_2_2","original=A|reference_sensitive=B|strict_bypass=B|strict_correction=A"
"317","mmlu","mmlu_4777","MMLU_agree","middle","premise_contradiction","B","rule","","agree","original=B|reference_sensitive=B|strict_bypass=B|strict_correction=B"
"318","bbh","bbh_4742","BBH_majority31","late","false_analogy","B","judge","B","majority_3_1","original=A|reference_sensitive=B|strict_bypass=B|strict_correction=B"
"319","bbh","bbh_2877","BBH_split22","early","wrong_elimination","A","judge","A","split_2_2","original=A|reference_sensitive=A|strict_bypass=B|strict_correction=B"
"320","mmlu","mmlu_3707","MMLU_majority31","early","false_analogy","B","rule","","majority_3_1","original=A|reference_sensitive=B|strict_bypass=B|strict_correction=B"
"321","mmlu","mmlu_1306","MMLU_split22","early","reversed_logic","A","rule","","split_2_2","original=B|reference_sensitive=A|strict_bypass=B|strict_correction=A"
"322","mmlu","mmlu_4963","MMLU_split22","late","wrong_elimination","B","rule","","split_2_2","original=A|reference_sensitive=B|strict_bypass=B|strict_correction=A"
"323","bbh","bbh_5318","BBH_split22","middle","false_analogy","A","judge","A","split_2_2","original=A|reference_sensitive=B|strict_bypass=B|strict_correction=A"
"324","gsm8k","gsm8k_638","GSM_split22","late","operation_swap","A","judge","A","split_2_2","original=A|reference_sensitive=B|strict_bypass=B|strict_correction=A"
"325","mmlu","mmlu_1255","MMLU_majority31","middle","wrong_elimination","B","rule","","majority_3_1","original=B|reference_sensitive=B|strict_bypass=B|strict_correction=A"
"326","gsm8k","gsm8k_75","GSM_agree","late","operation_swap","A","rule","","agree","original=A|reference_sensitive=A|strict_bypass=A|strict_correction=A"
"327","mmlu","mmlu_3462","MMLU_majority31","late","premise_contradiction","A","rule","","majority_3_1","original=A|reference_sensitive=B|strict_bypass=B|strict_correction=B"
"328","gsm8k","gsm8k_727","GSM_split22","early","arithmetic_change","A","judge","A","split_2_2","original=B|reference_sensitive=A|strict_bypass=B|strict_correction=A"
"329","mmlu","mmlu_444","RANDOM_baseline","middle","reversed_logic","C","rule","","not_covered",""
"330","mmlu","mmlu_3555","MMLU_majority31","middle","confidence_injection","A","rule","","majority_3_1","original=B|reference_sensitive=B|strict_bypass=B|strict_correction=A"
"331","bbh","bbh_4519","BBH_agree","middle","wrong_elimination","B","judge","B","agree","original=B|reference_sensitive=B|strict_bypass=B|strict_correction=B"
"332","gsm8k","gsm8k_322","GSM_majority31","late","operation_swap","A","rule","","majority_3_1","original=B|reference_sensitive=B|strict_bypass=B|strict_correction=A"
"333","bbh","bbh_3876","BBH_split22","middle","false_analogy","B","judge","B","split_2_2","original=B|reference_sensitive=A|strict_bypass=B|strict_correction=A"
"334","gsm8k","gsm8k_815","GSM_split22","late","operation_swap","A","rule","","split_2_2","original=B|reference_sensitive=A|strict_bypass=B|strict_correction=A"
"335","gsm8k","gsm8k_766","GSM_split22","late","operation_swap","A","rule","","split_2_2","original=A|reference_sensitive=B|strict_bypass=B|strict_correction=A"
"336","mmlu","mmlu_3003","MMLU_split22","middle","confidence_injection","A","rule","","split_2_2","original=A|reference_sensitive=B|strict_bypass=B|strict_correction=A"
"337","gsm8k","gsm8k_409","RANDOM_baseline","middle","arithmetic_change","A","rule","","majority_3_1","original=A|reference_sensitive=A|strict_bypass=B|strict_correction=A"
"338","mmlu","mmlu_3872","MMLU_majority31","late","premise_contradiction","A","rule","","majority_3_1","original=B|reference_sensitive=B|strict_bypass=B|strict_correction=A"
"339","gsm8k","gsm8k_420","GSM_agree","late","operation_swap","A","rule","","agree","original=A|reference_sensitive=A|strict_bypass=A|strict_correction=A"
"340","mmlu","mmlu_1728","RANDOM_baseline","middle","confidence_injection","A","rule","","majority_3_1","original=B|reference_sensitive=B|strict_bypass=B|strict_correction=A"
"341","bbh","bbh_1621","RANDOM_baseline","middle","confidence_injection","C","rule","","not_covered",""
"342","bbh","bbh_2601","BBH_split22","late","confidence_injection","B","judge","B","split_2_2","original=A|reference_sensitive=B|strict_bypass=B|strict_correction=A"
"343","gsm8k","gsm8k_612","GSM_agree","early","operation_swap","A","judge","A","agree","original=A|reference_sensitive=A|strict_bypass=A|strict_correction=A"
"344","bbh","bbh_5237","BBH_agree","late","confidence_injection","A","judge","A","agree","original=A|reference_sensitive=A|strict_bypass=A|strict_correction=A"
"345","mmlu","mmlu_1584","MMLU_split22","middle","premise_contradiction","A","rule","","split_2_2","original=A|reference_sensitive=B|strict_bypass=B|strict_correction=A"
"346","mmlu","mmlu_2975","MMLU_split22","late","reversed_logic","B","rule","","split_2_2","original=A|reference_sensitive=B|strict_bypass=B|strict_correction=A"
"347","bbh","bbh_4914","RANDOM_baseline","late","confidence_injection","A","judge","A","split_2_2","original=A|reference_sensitive=B|strict_bypass=B|strict_correction=A"
"348","mmlu","mmlu_3231","MMLU_split22","middle","false_analogy","A","rule","","split_2_2","original=A|reference_sensitive=B|strict_bypass=B|strict_correction=A"
"349","bbh","bbh_3645","BBH_type_c","early","false_analogy","C","judge","C","not_covered",""
"350","gsm8k","gsm8k_747","GSM_agree","middle","arithmetic_change","A","rule","","agree","original=A|reference_sensitive=A|strict_bypass=A|strict_correction=A"
"351","bbh","bbh_4892","BBH_type_c","late","false_analogy","C","rule","","not_covered",""
"352","bbh","bbh_3295","BBH_majority31","middle","premise_contradiction","A","judge","A","majority_3_1","original=A|reference_sensitive=A|strict_bypass=B|strict_correction=A"
"353","mmlu","mmlu_2775","MMLU_split22","middle","reversed_logic","A","rule","","split_2_2","original=A|reference_sensitive=B|strict_bypass=B|strict_correction=A"
"354","mmlu","mmlu_281","MMLU_split22","late","confidence_injection","B","rule","","split_2_2","original=B|reference_sensitive=A|strict_bypass=B|strict_correction=A"
"355","bbh","bbh_225","RANDOM_baseline","early","wrong_elimination","A","judge","A","majority_3_1","original=A|reference_sensitive=A|strict_bypass=B|strict_correction=A"
"356","gsm8k","gsm8k_641","GSM_majority31","early","operation_swap","A","rule","","majority_3_1","original=A|reference_sensitive=A|strict_bypass=B|strict_correction=A"
"357","gsm8k","gsm8k_690","GSM_agree","middle","arithmetic_change","A","rule","","agree","original=A|reference_sensitive=A|strict_bypass=A|strict_correction=A"
"358","gsm8k","gsm8k_513","GSM_split22","early","operation_swap","A","judge","A","split_2_2","original=B|reference_sensitive=A|strict_bypass=B|strict_correction=A"
"359","mmlu","mmlu_2922","MMLU_agree","middle","reversed_logic","A","rule","","agree","original=B|reference_sensitive=B|strict_bypass=B|strict_correction=B"
"360","gsm8k","gsm8k_553","GSM_split22","late","operation_swap","A","judge","A","split_2_2","original=B|reference_sensitive=A|strict_bypass=B|strict_correction=A"
"361","mmlu","mmlu_4953","MMLU_split22","late","reversed_logic","A","rule","","split_2_2","original=A|reference_sensitive=B|strict_bypass=B|strict_correction=A"
"362","gsm8k","gsm8k_549","GSM_split22","late","operation_swap","A","rule","","split_2_2","original=B|reference_sensitive=A|strict_bypass=B|strict_correction=A"
"363","bbh","bbh_770","BBH_majority31","late","false_analogy","B","judge","B","majority_3_1","original=B|reference_sensitive=B|strict_bypass=B|strict_correction=A"
"364","mmlu","mmlu_1758","MMLU_majority31","late","reversed_logic","A","rule","","majority_3_1","original=B|reference_sensitive=B|strict_bypass=B|strict_correction=A"
"365","mmlu","mmlu_3754","MMLU_split22","middle","wrong_elimination","A","rule","","split_2_2","original=A|reference_sensitive=B|strict_bypass=B|strict_correction=A"
"366","gsm8k","gsm8k_757","GSM_majority31","late","operation_swap","A","judge","A","majority_3_1","original=B|reference_sensitive=B|strict_bypass=B|strict_correction=A"
"367","bbh","bbh_3352","BBH_majority31","middle","premise_contradiction","A","judge","A","majority_3_1","original=A|reference_sensitive=A|strict_bypass=B|strict_correction=A"
"368","gsm8k","gsm8k_503","GSM_split22","early","operation_swap","A","rule","","split_2_2","original=B|reference_sensitive=A|strict_bypass=B|strict_correction=A"
"369","gsm8k","gsm8k_832","GSM_split22","late","operation_swap","A","rule","","split_2_2","original=B|reference_sensitive=A|strict_bypass=B|strict_correction=A"
"370","bbh","bbh_5127","BBH_split22","late","wrong_elimination","A","judge","A","split_2_2","original=A|reference_sensitive=B|strict_bypass=B|strict_correction=A"
"371","bbh","bbh_5392","RANDOM_baseline","middle","confidence_injection","A","judge","A","majority_3_1","original=A|reference_sensitive=A|strict_bypass=B|strict_correction=A"
"372","gsm8k","gsm8k_378","GSM_majority31","late","arithmetic_change","A","judge","A","majority_3_1","original=A|reference_sensitive=A|strict_bypass=B|strict_correction=A"
"373","mmlu","mmlu_630","MMLU_majority31","late","wrong_elimination","A","rule","","majority_3_1","original=A|reference_sensitive=A|strict_bypass=B|strict_correction=A"
"374","bbh","bbh_4721","BBH_split22","early","confidence_injection","A","judge","A","split_2_2","original=A|reference_sensitive=B|strict_bypass=B|strict_correction=A"
"375","bbh","bbh_1751","BBH_type_c","early","wrong_elimination","C","judge","C","not_covered",""
"376","gsm8k","gsm8k_239","GSM_majority31","late","operation_swap","A","rule","","majority_3_1","original=B|reference_sensitive=B|strict_bypass=B|strict_correction=A"
"377","bbh","bbh_761","BBH_type_c","late","premise_contradiction","C","rule","","not_covered",""
"378","gsm8k","gsm8k_180","GSM_split22","late","operation_swap","A","rule","","split_2_2","original=A|reference_sensitive=B|strict_bypass=B|strict_correction=A"
"379","mmlu","mmlu_4573","MMLU_type_c","late","false_analogy","C","rule","","not_covered",""
"380","bbh","bbh_5101","BBH_split22","late","premise_contradiction","B","judge","B","split_2_2","original=A|reference_sensitive=B|strict_bypass=B|strict_correction=A"
"381","gsm8k","gsm8k_279","RANDOM_baseline","late","operation_swap","A","rule","","majority_3_1","original=B|reference_sensitive=B|strict_bypass=B|strict_correction=A"
"382","bbh","bbh_2052","RANDOM_baseline","late","confidence_injection","C","rule","","not_covered",""
"383","gsm8k","gsm8k_266","GSM_split22","late","operation_swap","A","rule","","split_2_2","original=A|reference_sensitive=B|strict_bypass=B|strict_correction=A"
"384","bbh","bbh_3470","BBH_split22","middle","false_analogy","A","judge","A","split_2_2","original=A|reference_sensitive=B|strict_bypass=B|strict_correction=A"
"385","bbh","bbh_2565","BBH_type_c","late","wrong_elimination","C","rule","","not_covered",""
"386","gsm8k","gsm8k_691","GSM_agree","middle","operation_swap","A","judge","A","agree","original=A|reference_sensitive=A|strict_bypass=A|strict_correction=A"
"387","bbh","bbh_1561","BBH_type_c","middle","confidence_injection","C","rule","","not_covered",""
"388","gsm8k","gsm8k_532","GSM_split22","early","operation_swap","A","judge","A","split_2_2","original=A|reference_sensitive=B|strict_bypass=B|strict_correction=A"
"389","bbh","bbh_2930","BBH_majority31","late","reversed_logic","B","judge","B","majority_3_1","original=B|reference_sensitive=B|strict_bypass=B|strict_correction=A"
"390","mmlu","mmlu_944","MMLU_split22","middle","false_analogy","B","rule","","split_2_2","original=B|reference_sensitive=A|strict_bypass=B|strict_correction=A"
"391","mmlu","mmlu_4815","MMLU_majority31","late","premise_contradiction","A","rule","","majority_3_1","original=A|reference_sensitive=A|strict_bypass=B|strict_correction=A"
"392","bbh","bbh_2619","BBH_split22","early","premise_contradiction","B","judge","B","split_2_2","original=A|reference_sensitive=B|strict_bypass=B|strict_correction=A"
"393","bbh","bbh_1870","BBH_majority31","early","premise_contradiction","B","judge","B","majority_3_1","original=A|reference_sensitive=A|strict_bypass=B|strict_correction=A"
"394","gsm8k","gsm8k_680","GSM_majority31","late","operation_swap","A","judge","A","majority_3_1","original=A|reference_sensitive=A|strict_bypass=B|strict_correction=A"
"395","bbh","bbh_3268","BBH_type_c","late","confidence_injection","C","judge","C","not_covered",""
"396","bbh","bbh_2780","BBH_type_c","late","premise_contradiction","C","rule","","not_covered",""
"397","bbh","bbh_1733","BBH_agree","late","reversed_logic","B","judge","B","agree","original=B|reference_sensitive=B|strict_bypass=B|strict_correction=B"
"398","mmlu","mmlu_3329","RANDOM_baseline","middle","confidence_injection","C","rule","","not_covered",""
"399","mmlu","mmlu_3464","MMLU_split22","middle","confidence_injection","A","rule","","split_2_2","original=A|reference_sensitive=B|strict_bypass=B|strict_correction=A"
"400","mmlu","mmlu_665","MMLU_majority31","late","reversed_logic","A","rule","","majority_3_1","original=A|reference_sensitive=A|strict_bypass=B|strict_correction=A"
"401","bbh","bbh_1746","BBH_split22","early","false_analogy","B","judge","B","split_2_2","original=A|reference_sensitive=B|strict_bypass=B|strict_correction=A"
"402","mmlu","mmlu_3708","MMLU_type_c","middle","confidence_injection","C","rule","","not_covered",""
"403","gsm8k","gsm8k_767","GSM_split22","middle","operation_swap","A","judge","A","split_2_2","original=B|reference_sensitive=A|strict_bypass=B|strict_correction=A"
"404","gsm8k","gsm8k_459","GSM_split22","late","operation_swap","A","rule","","split_2_2","original=B|reference_sensitive=A|strict_bypass=B|strict_correction=A"
"405","gsm8k","gsm8k_672","GSM_type_c","late","arithmetic_change","C","rule","","not_covered",""
"406","gsm8k","gsm8k_742","RANDOM_baseline","late","operation_swap","A","rule","","split_2_2","original=A|reference_sensitive=B|strict_bypass=B|strict_correction=A"
"407","bbh","bbh_2905","BBH_agree","early","premise_contradiction","B","judge","B","agree","original=B|reference_sensitive=B|strict_bypass=B|strict_correction=B"
"408","mmlu","mmlu_1517","RANDOM_baseline","middle","false_analogy","B","rule","","agree","original=B|reference_sensitive=B|strict_bypass=B|strict_correction=B"
"409","gsm8k","gsm8k_14","GSM_split22","late","operation_swap","A","judge","A","split_2_2","original=B|reference_sensitive=A|strict_bypass=B|strict_correction=A"
"410","mmlu","mmlu_2340","MMLU_split22","late","wrong_elimination","A","judge","A","split_2_2","original=A|reference_sensitive=B|strict_bypass=B|strict_correction=A"
"411","bbh","bbh_808","RANDOM_baseline","middle","premise_contradiction","C","rule","","not_covered",""
"412","bbh","bbh_3195","RANDOM_baseline","late","false_analogy","C","judge","C","not_covered",""
"413","gsm8k","gsm8k_228","GSM_majority31","late","arithmetic_change","A","judge","A","majority_3_1","original=B|reference_sensitive=B|strict_bypass=B|strict_correction=A"
"414","gsm8k","gsm8k_59","GSM_split22","late","operation_swap","A","rule","","split_2_2","original=A|reference_sensitive=B|strict_bypass=B|strict_correction=A"
"415","bbh","bbh_4455","BBH_agree","late","false_analogy","B","judge","B","agree","original=B|reference_sensitive=B|strict_bypass=B|strict_correction=B"
"416","bbh","bbh_4058","RANDOM_baseline","late","wrong_elimination","A","judge","A","majority_3_1","original=B|reference_sensitive=B|strict_bypass=B|strict_correction=A"
"417","mmlu","mmlu_3486","MMLU_split22","early","wrong_elimination","B","rule","","split_2_2","original=A|reference_sensitive=B|strict_bypass=B|strict_correction=A"
"418","bbh","bbh_3435","BBH_majority31","early","false_analogy","A","judge","A","majority_3_1","original=A|reference_sensitive=A|strict_bypass=B|strict_correction=A"
"419","bbh","bbh_3048","BBH_majority31","middle","premise_contradiction","A","judge","A","majority_3_1","original=A|reference_sensitive=A|strict_bypass=B|strict_correction=A"
"420","mmlu","mmlu_3292","RANDOM_baseline","middle","premise_contradiction","B","rule","","split_2_2","original=A|reference_sensitive=B|strict_bypass=B|strict_correction=A"
"421","mmlu","mmlu_3694","MMLU_split22","late","confidence_injection","A","rule","","split_2_2","original=A|reference_sensitive=B|strict_bypass=B|strict_correction=A"
"422","mmlu","mmlu_3675","MMLU_agree","middle","premise_contradiction","B","rule","","agree","original=B|reference_sensitive=B|strict_bypass=B|strict_correction=B"
"423","mmlu","mmlu_3531","MMLU_split22","middle","premise_contradiction","B","rule","","split_2_2","original=A|reference_sensitive=B|strict_bypass=B|strict_correction=A"
"424","mmlu","mmlu_3959","MMLU_split22","late","false_analogy","B","rule","","split_2_2","original=B|reference_sensitive=A|strict_bypass=B|strict_correction=A"
"425","gsm8k","gsm8k_139","GSM_agree","early","operation_swap","A","judge","A","agree","original=A|reference_sensitive=A|strict_bypass=A|strict_correction=A"
"426","bbh","bbh_4914","BBH_type_c","early","reversed_logic","C","rule","","not_covered",""
"427","bbh","bbh_5375","BBH_split22","middle","reversed_logic","A","judge","A","split_2_2","original=A|reference_sensitive=B|strict_bypass=B|strict_correction=A"
"428","mmlu","mmlu_3981","MMLU_type_c","early","confidence_injection","C","judge","C","not_covered",""
"429","mmlu","mmlu_3765","MMLU_majority31","middle","reversed_logic","B","rule","","majority_3_1","original=A|reference_sensitive=A|strict_bypass=B|strict_correction=A"
"430","bbh","bbh_3135","BBH_split22","middle","premise_contradiction","A","judge","A","split_2_2","original=B|reference_sensitive=A|strict_bypass=B|strict_correction=A"
"431","mmlu","mmlu_2465","MMLU_type_c","middle","false_analogy","C","rule","","not_covered",""
"432","bbh","bbh_5403","RANDOM_baseline","middle","reversed_logic","B","judge","B","majority_3_1","original=B|reference_sensitive=B|strict_bypass=B|strict_correction=A"
"433","mmlu","mmlu_3432","MMLU_split22","late","reversed_logic","B","rule","","split_2_2","original=A|reference_sensitive=B|strict_bypass=B|strict_correction=A"
"434","bbh","bbh_1745","RANDOM_baseline","middle","false_analogy","A","judge","A","majority_3_1","original=A|reference_sensitive=A|strict_bypass=B|strict_correction=A"
"435","mmlu","mmlu_1609","MMLU_agree","late","premise_contradiction","B","rule","","agree","original=A|reference_sensitive=A|strict_bypass=A|strict_correction=A"
"436","gsm8k","gsm8k_724","GSM_majority31","late","operation_swap","A","rule","","majority_3_1","original=A|reference_sensitive=A|strict_bypass=B|strict_correction=A"
"437","mmlu","mmlu_770","MMLU_split22","early","confidence_injection","A","rule","","split_2_2","original=A|reference_sensitive=B|strict_bypass=B|strict_correction=A"
"438","mmlu","mmlu_3293","MMLU_split22","middle","wrong_elimination","A","rule","","split_2_2","original=A|reference_sensitive=B|strict_bypass=B|strict_correction=A"
"439","mmlu","mmlu_3626","RANDOM_baseline","early","confidence_injection","A","rule","","majority_3_1","original=A|reference_sensitive=A|strict_bypass=B|strict_correction=A"
"440","mmlu","mmlu_3769","MMLU_agree","early","false_analogy","B","rule","","agree","original=B|reference_sensitive=B|strict_bypass=B|strict_correction=B"
"441","gsm8k","gsm8k_89","GSM_majority31","middle","arithmetic_change","A","judge","A","majority_3_1","original=A|reference_sensitive=A|strict_bypass=B|strict_correction=A"
"442","mmlu","mmlu_393","MMLU_agree","late","premise_contradiction","A","rule","","agree","original=B|reference_sensitive=B|strict_bypass=B|strict_correction=B"
"443","mmlu","mmlu_3642","MMLU_agree","early","premise_contradiction","A","rule","","agree","original=B|reference_sensitive=B|strict_bypass=B|strict_correction=B"
"444","bbh","bbh_5467","BBH_split22","early","premise_contradiction","A","judge","A","split_2_2","original=A|reference_sensitive=B|strict_bypass=B|strict_correction=A"
"445","bbh","bbh_1777","BBH_type_c","middle","wrong_elimination","C","rule","","not_covered",""
"446","bbh","bbh_1824","BBH_type_c","early","wrong_elimination","C","rule","","not_covered",""
"447","gsm8k","gsm8k_245","GSM_majority31","middle","operation_swap","A","judge","A","majority_3_1","original=A|reference_sensitive=A|strict_bypass=B|strict_correction=A"
"448","gsm8k","gsm8k_284","GSM_agree","early","operation_swap","A","judge","A","agree","original=A|reference_sensitive=A|strict_bypass=A|strict_correction=A"
"449","bbh","bbh_5416","BBH_split22","early","wrong_elimination","B","judge","B","split_2_2","original=A|reference_sensitive=B|strict_bypass=B|strict_correction=A"
"450","gsm8k","gsm8k_739","GSM_agree","middle","arithmetic_change","A","rule","","agree","original=A|reference_sensitive=A|strict_bypass=A|strict_correction=A"
"451","mmlu","mmlu_2734","MMLU_agree","middle","confidence_injection","A","rule","","agree","original=B|reference_sensitive=B|strict_bypass=B|strict_correction=B"
"452","mmlu","mmlu_319","RANDOM_baseline","late","false_analogy","B","rule","","split_2_2","original=A|reference_sensitive=B|strict_bypass=B|strict_correction=A"
"453","mmlu","mmlu_2881","MMLU_split22","late","reversed_logic","B","rule","","split_2_2","original=A|reference_sensitive=B|strict_bypass=B|strict_correction=A"
"454","mmlu","mmlu_4908","MMLU_agree","early","premise_contradiction","B","rule","","agree","original=B|reference_sensitive=B|strict_bypass=B|strict_correction=B"
"455","mmlu","mmlu_3401","MMLU_split22","early","reversed_logic","B","rule","","split_2_2","original=A|reference_sensitive=B|strict_bypass=B|strict_correction=A"
"456","bbh","bbh_5028","BBH_split22","middle","reversed_logic","A","judge","A","split_2_2","original=A|reference_sensitive=B|strict_bypass=B|strict_correction=A"
"457","gsm8k","gsm8k_740","GSM_split22","early","operation_swap","A","judge","A","split_2_2","original=A|reference_sensitive=B|strict_bypass=B|strict_correction=A"
"458","bbh","bbh_1751","BBH_type_c","late","confidence_injection","C","rule","","not_covered",""
"459","bbh","bbh_5275","BBH_majority31","early","confidence_injection","A","judge","A","majority_3_1","original=A|reference_sensitive=A|strict_bypass=B|strict_correction=A"
"460","bbh","bbh_3539","BBH_majority31","early","reversed_logic","A","judge","A","majority_3_1","original=A|reference_sensitive=A|strict_bypass=B|strict_correction=A"
"461","mmlu","mmlu_986","RANDOM_baseline","early","false_analogy","A","rule","","agree","original=A|reference_sensitive=A|strict_bypass=A|strict_correction=A"
"462","gsm8k","gsm8k_440","GSM_type_c","middle","operation_swap","C","rule","","not_covered",""
"463","bbh","bbh_3215","BBH_split22","middle","premise_contradiction","A","judge","A","split_2_2","original=A|reference_sensitive=B|strict_bypass=B|strict_correction=A"
"464","mmlu","mmlu_591","MMLU_majority31","early","false_analogy","B","rule","","majority_3_1","original=B|reference_sensitive=B|strict_bypass=B|strict_correction=A"
"465","bbh","bbh_5126","RANDOM_baseline","late","confidence_injection","C","rule","","not_covered",""
"466","mmlu","mmlu_4565","MMLU_majority31","late","false_analogy","B","rule","","majority_3_1","original=B|reference_sensitive=B|strict_bypass=B|strict_correction=A"
"467","bbh","bbh_932","BBH_majority31","middle","false_analogy","A","judge","A","majority_3_1","original=A|reference_sensitive=A|strict_bypass=B|strict_correction=A"
"468","bbh","bbh_4906","BBH_type_c","middle","false_analogy","C","rule","","not_covered",""
"469","bbh","bbh_3474","RANDOM_baseline","late","false_analogy","A","judge","A","majority_3_1","original=A|reference_sensitive=A|strict_bypass=B|strict_correction=A"
"470","bbh","bbh_1811","BBH_type_c","late","confidence_injection","C","rule","","not_covered",""
"471","gsm8k","gsm8k_361","GSM_split22","middle","operation_swap","A","judge","A","split_2_2","original=A|reference_sensitive=B|strict_bypass=B|strict_correction=A"
"472","bbh","bbh_1247","RANDOM_baseline","early","false_analogy","C","rule","","not_covered",""
"473","gsm8k","gsm8k_36","GSM_split22","early","arithmetic_change","A","judge","A","split_2_2","original=B|reference_sensitive=A|strict_bypass=B|strict_correction=A"
"474","gsm8k","gsm8k_154","GSM_split22","early","operation_swap","A","judge","A","split_2_2","original=B|reference_sensitive=A|strict_bypass=B|strict_correction=A"
"475","mmlu","mmlu_1963","MMLU_agree","early","confidence_injection","B","rule","","agree","original=B|reference_sensitive=B|strict_bypass=B|strict_correction=B"
"476","mmlu","mmlu_2265","MMLU_agree","middle","confidence_injection","A","judge","A","agree","original=A|reference_sensitive=A|strict_bypass=A|strict_correction=A"
"477","gsm8k","gsm8k_770","GSM_split22","late","operation_swap","A","judge","A","split_2_2","original=A|reference_sensitive=B|strict_bypass=B|strict_correction=A"
"478","mmlu","mmlu_3082","MMLU_split22","middle","wrong_elimination","A","rule","","split_2_2","original=B|reference_sensitive=A|strict_bypass=B|strict_correction=A"
"479","bbh","bbh_3808","BBH_majority31","late","reversed_logic","A","judge","A","majority_3_1","original=A|reference_sensitive=A|strict_bypass=B|strict_correction=A"
"480","gsm8k","gsm8k_365","GSM_type_c","late","arithmetic_change","C","rule","","not_covered",""
"481","gsm8k","gsm8k_97","GSM_agree","middle","operation_swap","A","judge","A","agree","original=A|reference_sensitive=A|strict_bypass=A|strict_correction=A"
"482","gsm8k","gsm8k_595","RANDOM_baseline","late","operation_swap","A","rule","","split_2_2","original=A|reference_sensitive=B|strict_bypass=B|strict_correction=A"
"483","bbh","bbh_2784","BBH_split22","middle","premise_contradiction","A","judge","A","split_2_2","original=A|reference_sensitive=B|strict_bypass=B|strict_correction=A"
"484","mmlu","mmlu_527","MMLU_type_c","early","reversed_logic","C","rule","","not_covered",""
"485","mmlu","mmlu_1190","MMLU_split22","late","premise_contradiction","A","rule","","split_2_2","original=B|reference_sensitive=A|strict_bypass=B|strict_correction=A"
"486","bbh","bbh_3459","BBH_split22","late","reversed_logic","A","judge","A","split_2_2","original=A|reference_sensitive=B|strict_bypass=B|strict_correction=A"
"487","mmlu","mmlu_534","MMLU_agree","early","false_analogy","A","rule","","agree","original=A|reference_sensitive=A|strict_bypass=A|strict_correction=A"
"488","bbh","bbh_5099","BBH_split22","late","premise_contradiction","A","judge","A","split_2_2","original=A|reference_sensitive=B|strict_bypass=B|strict_correction=A"
"489","bbh","bbh_704","BBH_agree","late","reversed_logic","B","judge","B","agree","original=B|reference_sensitive=B|strict_bypass=B|strict_correction=B"
"490","bbh","bbh_3045","RANDOM_baseline","early","wrong_elimination","A","judge","A","majority_3_1","original=A|reference_sensitive=A|strict_bypass=B|strict_correction=A"
"491","gsm8k","gsm8k_831","GSM_agree","early","operation_swap","A","judge","A","agree","original=A|reference_sensitive=A|strict_bypass=A|strict_correction=A"
"492","gsm8k","gsm8k_817","GSM_type_c","middle","operation_swap","C","rule","","not_covered",""
"493","gsm8k","gsm8k_94","GSM_split22","early","operation_swap","A","judge","A","split_2_2","original=A|reference_sensitive=B|strict_bypass=B|strict_correction=A"
"494","mmlu","mmlu_4956","MMLU_split22","late","false_analogy","B","rule","","split_2_2","original=A|reference_sensitive=B|strict_bypass=B|strict_correction=A"
"495","mmlu","mmlu_3008","MMLU_majority31","middle","reversed_logic","B","rule","","majority_3_1","original=B|reference_sensitive=B|strict_bypass=B|strict_correction=A"
"496","bbh","bbh_5424","BBH_type_c","early","false_analogy","C","rule","","not_covered",""
"497","bbh","bbh_348","BBH_type_c","late","confidence_injection","C","rule","","not_covered",""
"498","bbh","bbh_1694","BBH_agree","early","reversed_logic","B","judge","B","agree","original=B|reference_sensitive=B|strict_bypass=B|strict_correction=B"
"499","bbh","bbh_1789","BBH_split22","late","reversed_logic","A","judge","A","split_2_2","original=A|reference_sensitive=B|strict_bypass=B|strict_correction=A"
"500","mmlu","mmlu_2384","MMLU_majority31","middle","false_analogy","A","rule","","majority_3_1","original=A|reference_sensitive=A|strict_bypass=B|strict_correction=A"
