layer,task,probe,accuracy,accuracy_std,f1_macro,n
0,3-class (A/B/C),linear,0.6200186139223071,0.01646524490167892,0.5344075738091434,2000
0,3-class (A/B/C),mlp,0.6970244310295597,0.01728483191652123,0.5018059169792108,2000
0,Binary bypass,linear,0.7534737498359364,0.02528377202047243,0.736848113313376,2000
0,Binary bypass,mlp,0.7509574841092757,0.022713181974399914,0.7206229748066336,2000
0,Binary faithful,linear,0.692470465440409,0.03001935333287304,0.5667234690587665,2000
0,Binary faithful,mlp,0.8490083656772855,0.009155485586778214,0.48099481198462435,2000
1,3-class (A/B/C),linear,0.6240211575949216,0.01494959976645735,0.5390776393519622,2000
1,3-class (A/B/C),mlp,0.7140208525557016,0.010314827675183385,0.5261305190712846,2000
1,Binary bypass,linear,0.7639800592503704,0.021929788115456976,0.7490443738758052,2000
1,Binary bypass,mlp,0.7549862749142182,0.03209352336989817,0.7230276318763857,2000
1,Binary faithful,linear,0.6795017375108594,0.03122116982048767,0.5464468632228191,2000
1,Binary faithful,mlp,0.8529971562322265,0.010916995310192919,0.5321218365087264,2000
2,3-class (A/B/C),linear,0.6300286951420312,0.02155045495803668,0.5464523229191539,2000
2,3-class (A/B/C),mlp,0.7110045743756048,0.012781092403729424,0.5280872528613207,2000
2,Binary bypass,linear,0.7574862811642573,0.02129514773189332,0.7410083382300463,2000
2,Binary bypass,mlp,0.7749988749929686,0.011191759122448833,0.7438799246166667,2000
2,Binary faithful,linear,0.6939879967999799,0.030877045033537113,0.5631586277764384,2000
2,Binary faithful,mlp,0.8445046250289063,0.01515279724534179,0.5036778460012886,2000
3,3-class (A/B/C),linear,0.6175385704369607,0.019062891880506118,0.532104373326108,2000
3,3-class (A/B/C),mlp,0.7070470682979082,0.024826868768500824,0.5350802350345022,2000
3,Binary bypass,linear,0.7614825592659954,0.028640708538377274,0.745656119779981,2000
3,Binary bypass,mlp,0.7694713560709754,0.021210551831740573,0.7367276773828411,2000
3,Binary faithful,linear,0.6919779904874406,0.01965848679357355,0.5649132015439604,2000
3,Binary faithful,mlp,0.8464995999974999,0.011470361854471338,0.565109175497608,2000
4,3-class (A/B/C),linear,0.6355287388456625,0.02516482586517715,0.553787223172912,2000
4,3-class (A/B/C),mlp,0.6975381655836841,0.016236067222321224,0.5082780821563571,2000
4,Binary bypass,linear,0.761473806086288,0.02166434190321346,0.7432942110429083,2000
4,Binary bypass,mlp,0.7649750717191982,0.020327135057765625,0.731691534839685,2000
4,Binary faithful,linear,0.7054980468627929,0.02468499839104805,0.5782106193258573,2000
4,Binary faithful,mlp,0.8514996437477734,0.01848097647374812,0.5366276150845227,2000
5,3-class (A/B/C),linear,0.6475238697853802,0.028466779881976607,0.5604429082729335,2000
5,3-class (A/B/C),mlp,0.7115645312335441,0.02296991469685224,0.5303774176920547,2000
5,Binary bypass,linear,0.7629925530784567,0.0194198359252537,0.7446134889776911,2000
5,Binary bypass,mlp,0.773480121750761,0.013241710369744348,0.7414201244387317,2000
5,Binary faithful,linear,0.7185080656754105,0.011380780442587193,0.5855784770484894,2000
5,Binary faithful,mlp,0.8410221126382039,0.01694889795517647,0.5477953750114434,2000
6,3-class (A/B/C),linear,0.6610090193660725,0.019307786752364168,0.5738621718084819,2000
6,3-class (A/B/C),mlp,0.7264923297561655,0.020010444636116297,0.5194903235810632,2000
6,Binary bypass,linear,0.7705100906880669,0.020415414233807487,0.7516608228495875,2000
6,Binary bypass,mlp,0.7834501403133769,0.03520403567783771,0.7564524428610658,2000
6,Binary faithful,linear,0.7235056031600198,0.021298641274892994,0.5905512687989798,2000
6,Binary faithful,mlp,0.8460146313414458,0.017024129626957218,0.5622894506414139,2000
7,3-class (A/B/C),linear,0.6465138634728408,0.019198274051223953,0.5552588638839824,2000
7,3-class (A/B/C),mlp,0.7149871738937175,0.007008141418024921,0.5055504742187951,2000
7,Binary bypass,linear,0.7699825842661516,0.02707601298629385,0.7518753116335054,2000
7,Binary bypass,mlp,0.7794764373527334,0.02548073970771724,0.7453825478036381,2000
7,Binary faithful,linear,0.7185043062769142,0.014965028779663603,0.5810722714855118,2000
7,Binary faithful,mlp,0.8525008781304884,0.01321670348809615,0.5405035540872897,2000
8,3-class (A/B/C),linear,0.6470114132243177,0.014723805885501663,0.5534694640475363,2000
8,3-class (A/B/C),mlp,0.7000207090846556,0.022833250097199387,0.5115989918169987,2000
8,Binary bypass,linear,0.7815013875086718,0.020594433501136572,0.763508677694474,2000
8,Binary bypass,mlp,0.7869852217826361,0.02553826391347984,0.7550732361304829,2000
8,Binary faithful,linear,0.7034917686985545,0.022327919307796665,0.5699243029699051,2000
8,Binary faithful,mlp,0.8435096250601566,0.017569347681464405,0.5752825712980733,2000
9,3-class (A/B/C),linear,0.6505388326587489,0.02617701930088638,0.5608640535349101,2000
9,3-class (A/B/C),mlp,0.7180121741432525,0.014549700745345385,0.5195646862231377,2000
9,Binary bypass,linear,0.7859964124775779,0.021703848859586896,0.7688212077756951,2000
9,Binary bypass,mlp,0.7839763873524209,0.021516782721152195,0.7501869631739643,2000
9,Binary faithful,linear,0.6985142063387897,0.023807009988887306,0.5660180945308451,2000
9,Binary faithful,mlp,0.8315033406458789,0.01924501802626782,0.5649711463826714,2000
10,3-class (A/B/C),linear,0.657995334485766,0.02755532211101446,0.567074352124541,2000
10,3-class (A/B/C),mlp,0.7320061328741513,0.017485947474386584,0.523280942009789,2000
10,Binary bypass,linear,0.7944964499778122,0.02329294110367396,0.7762553455785236,2000
10,Binary bypass,mlp,0.7824926343289645,0.021868482169488945,0.7501706345649537,2000
10,Binary faithful,linear,0.7129980281126758,0.012121767333439134,0.5766722886415738,2000
10,Binary faithful,mlp,0.8505133969587311,0.018970706901240596,0.5662007212908851,2000
11,3-class (A/B/C),linear,0.6500301541063735,0.019296295371946038,0.5508455434514188,2000
11,3-class (A/B/C),mlp,0.7225147302693029,0.011776335542404951,0.5224297847732887,2000
11,Binary bypass,linear,0.7905101781886137,0.022126738118608852,0.7727822806788746,2000
11,Binary bypass,mlp,0.7794913936962107,0.01660968034028725,0.7466906952691434,2000
11,Binary faithful,linear,0.705014250089063,0.01683994712072889,0.5680118491627713,2000
11,Binary faithful,mlp,0.8435033593959961,0.010742016254413874,0.5567123559030531,2000
12,3-class (A/B/C),linear,0.6664679900518035,0.015629814669086736,0.5672645387338459,2000
12,3-class (A/B/C),mlp,0.7360323427394556,0.015363975140657057,0.5531682948898846,2000
12,Binary bypass,linear,0.7925076844230275,0.023755731157544313,0.7738004194874424,2000
12,Binary bypass,mlp,0.7850214188838681,0.0186200149472695,0.7526625113447029,2000
12,Binary faithful,linear,0.7155155219720123,0.014799948001118718,0.5801232338154746,2000
12,Binary faithful,mlp,0.8495033843961526,0.00774502675755608,0.5340139030716371,2000
13,3-class (A/B/C),linear,0.665511612805789,0.02188692995678679,0.5664178475204479,2000
13,3-class (A/B/C),mlp,0.7345036391552073,0.014684721234851678,0.5219250860945231,2000
13,Binary bypass,linear,0.7925114250714067,0.03366120428162368,0.7753070969583253,2000
13,Binary bypass,mlp,0.7864914249464059,0.008644825631233685,0.7572433194073276,2000
13,Binary faithful,linear,0.7124892936830856,0.014079886275038124,0.5818965576720844,2000
13,Binary faithful,mlp,0.846512143825899,0.012777182332727751,0.5619486420357444,2000
14,3-class (A/B/C),linear,0.6665315818671628,0.01228944768210056,0.5773605167016422,2000
14,3-class (A/B/C),mlp,0.7260484463848795,0.020293136338466758,0.5411248607032139,2000
14,Binary bypass,linear,0.7934926843292771,0.0331673188279518,0.7762219218593378,2000
14,Binary bypass,mlp,0.7840089375558597,0.010732637289823741,0.7506360006245334,2000
14,Binary faithful,linear,0.710008021925137,0.017250958085733705,0.5795370480533203,2000
14,Binary faithful,mlp,0.8505046250289064,0.008634336338802187,0.5487318538226056,2000
15,3-class (A/B/C),linear,0.6659716809797226,0.014646071650031721,0.5713002910756361,2000
15,3-class (A/B/C),mlp,0.727532224315208,0.01281230691181843,0.5251731557509116,2000
15,Binary bypass,linear,0.7899801967512297,0.027700286404909732,0.7718204072220394,2000
15,Binary bypass,mlp,0.7839789373683586,0.02118072010046874,0.7515079804846382,2000
15,Binary faithful,linear,0.7215255720348253,0.020070335359412196,0.5907556521659447,2000
15,Binary faithful,mlp,0.8520208907555673,0.015169795427941493,0.5696058181256114,2000
16,3-class (A/B/C),linear,0.6600165131629088,0.0159386238095283,0.572854149147592,2000
16,3-class (A/B/C),mlp,0.7185022425046872,0.02652378489314811,0.5249072140602944,2000
16,Binary bypass,linear,0.7819951343445896,0.02255164433935506,0.7640545517282453,2000
16,Binary bypass,mlp,0.7730076219226371,0.018316966649930013,0.7414302939723129,2000
16,Binary faithful,linear,0.7245055406596291,0.012250028114857495,0.595129670217677,2000
16,Binary faithful,mlp,0.8410183594897468,0.013903410671673512,0.5878416647384124,2000
17,3-class (A/B/C),linear,0.6709942310273768,0.012645826502268377,0.584393774568542,2000
17,3-class (A/B/C),mlp,0.7340023487087093,0.024749190653085937,0.5586236692947304,2000
17,Binary bypass,linear,0.7819963812273827,0.025398480318047357,0.7642223372470314,2000
17,Binary bypass,mlp,0.7804951468446678,0.014427305418395727,0.7488853071949821,2000
17,Binary faithful,linear,0.7250155469721686,0.017417358090554367,0.5945313459579873,2000
17,Binary faithful,mlp,0.8510046250289065,0.007074400256039632,0.563160585635601,2000
18,3-class (A/B/C),linear,0.6739867310737857,0.009022735110268576,0.5806540618220006,2000
18,3-class (A/B/C),mlp,0.7360048798812455,0.015296835670018013,0.5482629022715261,2000
18,Binary bypass,linear,0.7849901405633786,0.023246755554716173,0.7669286725909427,2000
18,Binary bypass,mlp,0.7819776529853312,0.023655755118655752,0.7513910350282932,2000
18,Binary faithful,linear,0.7470418940118375,0.029477545658511763,0.6187265706987539,2000
18,Binary faithful,mlp,0.8445033906461916,0.013324912385029109,0.589698281859506,2000
19,3-class (A/B/C),linear,0.6680228598443666,0.015884571784287517,0.5760964970536808,2000
19,3-class (A/B/C),mlp,0.7225009895117814,0.013206918726908682,0.5483463437202182,2000
19,Binary bypass,linear,0.7865114000712504,0.024169225641420215,0.7683340060863586,2000
19,Binary bypass,mlp,0.7854826405165032,0.02422197596467118,0.7550949967166282,2000
19,Binary faithful,linear,0.7455355908474427,0.027274563939016627,0.6165018399740999,2000
19,Binary faithful,mlp,0.8460246314039462,0.0255343600361594,0.5828851801757489,2000
20,3-class (A/B/C),linear,0.6685053535315939,0.015736235631212857,0.5840953372345725,2000
20,3-class (A/B/C),mlp,0.7295048299275751,0.015505142985248278,0.5410510740240967,2000
20,Binary bypass,linear,0.7834851530322066,0.018211049350615613,0.7654635134226009,2000
20,Binary bypass,mlp,0.7784651466571665,0.020641660958755876,0.7460231399825794,2000
20,Binary faithful,linear,0.7320168376052351,0.015066633031608462,0.6017203499845547,2000
20,Binary faithful,mlp,0.854502193763711,0.0189875211662167,0.6024961178171025,2000
21,3-class (A/B/C),linear,0.681536731619498,0.022146528639867373,0.5939421608238166,2000
21,3-class (A/B/C),mlp,0.7445511086683098,0.020225981717820345,0.5790745741873446,2000
21,Binary bypass,linear,0.7939914499465621,0.016556502374431407,0.7765931275276142,2000
21,Binary bypass,mlp,0.7884627091419322,0.025300777170347837,0.7585148895514773,2000
21,Binary faithful,linear,0.7525193501209383,0.026015143296690968,0.6213548645495803,2000
21,Binary faithful,mlp,0.8525134032087701,0.01280500791705939,0.5836400649418856,2000
22,3-class (A/B/C),linear,0.6834867811207402,0.017885806701585516,0.5994680035282849,2000
22,3-class (A/B/C),mlp,0.7490249799135872,0.013725002710442488,0.5576551653571129,2000
22,Binary bypass,linear,0.785498912493203,0.027525562817757192,0.7684688799515821,2000
22,Binary bypass,mlp,0.7829438996493728,0.02963323707258621,0.7541008310013074,2000
22,Binary faithful,linear,0.7615194001212507,0.020542352494321223,0.629980013603121,2000
22,Binary faithful,mlp,0.8570196688729304,0.017497412710745258,0.6269387971369501,2000
23,3-class (A/B/C),linear,0.6745191691030159,0.011794800912637548,0.5878584491512309,2000
23,3-class (A/B/C),mlp,0.7525225111015154,0.009777794882963946,0.5674473366876752,2000
23,Binary bypass,linear,0.7879839373996088,0.02935932983516585,0.7707802088810733,2000
23,Binary bypass,mlp,0.7909752029700186,0.01818527717015382,0.7599347310182585,2000
23,Binary faithful,linear,0.743535615847599,0.027676131051397438,0.6129162033076676,2000
23,Binary faithful,mlp,0.853513396958731,0.011739137045813546,0.5862880013483486,2000
24,3-class (A/B/C),linear,0.678014218932152,0.010137535291734268,0.5952276877113054,2000
24,3-class (A/B/C),mlp,0.73296867620348,0.015610554014973799,0.5691396940222759,2000
24,Binary bypass,linear,0.781502646891543,0.027460096144012708,0.76404815015129,2000
24,Binary bypass,mlp,0.7874751842199014,0.021637908276668495,0.7577784008330098,2000
24,Binary faithful,linear,0.7435131157069731,0.0245917893245574,0.6100691726016407,2000
24,Binary faithful,mlp,0.8575134344589653,0.019092034090695355,0.5809702352340171,2000
25,3-class (A/B/C),linear,0.6739842497149937,0.017157628806222666,0.5877396418906647,2000
25,3-class (A/B/C),mlp,0.7380048737244908,0.018761523206784175,0.5808529721093303,2000
25,Binary bypass,linear,0.7859889311808199,0.023524629144143643,0.770157438793954,2000
25,Binary bypass,mlp,0.7954802280014249,0.010062807634765483,0.7673231824956593,2000
25,Binary faithful,linear,0.7355143625897662,0.022886388805319124,0.5993256990969765,2000
25,Binary faithful,mlp,0.8530008968806054,0.018047356406459266,0.5857031274858253,2000
26,3-class (A/B/C),linear,0.6719904965823946,0.006613606786429738,0.5849392440415819,2000
26,3-class (A/B/C),mlp,0.7289798919452202,0.021586052571556595,0.5549029589827394,2000
26,Binary bypass,linear,0.7900014437590235,0.022456015324284772,0.7721112559367777,2000
26,Binary bypass,mlp,0.7855051781573635,0.02035957438017067,0.7561182753958414,2000
26,Binary faithful,linear,0.7425156469727936,0.019437463746555025,0.6072084174794312,2000
26,Binary faithful,mlp,0.8425008468802929,0.006492729161599311,0.5866406727318423,2000
27,3-class (A/B/C),linear,0.6724967310896439,0.005807899030133289,0.5859864132626479,2000
27,3-class (A/B/C),mlp,0.7410099671331901,0.018697539444529877,0.5634654888063503,2000
27,Binary bypass,linear,0.7805076531728323,0.02334171211935351,0.7613593693651055,2000
27,Binary bypass,mlp,0.786988937430859,0.018358469515274894,0.7541461085272531,2000
27,Binary faithful,linear,0.7484993812461328,0.011029423968758405,0.6093706484879745,2000
27,Binary faithful,mlp,0.8430096188101176,0.010153586130250481,0.5902150310691205,2000
28,3-class (A/B/C),linear,0.6824819240941151,0.015530528864513539,0.5980214082918313,2000
28,3-class (A/B/C),mlp,0.7329999170703771,0.023592872577180967,0.5470477359405761,2000
28,Binary bypass,linear,0.789512690704317,0.02377514838628166,0.7716096910669187,2000
28,Binary bypass,mlp,0.785995165594785,0.01781180662925649,0.7527138554462729,2000
28,Binary faithful,linear,0.7464956280976756,0.011553307213599654,0.6091606824017346,2000
28,Binary faithful,mlp,0.8615009031306446,0.005118672449239858,0.571003207279062,2000
29,3-class (A/B/C),linear,0.673491774622099,0.010768301469469482,0.5899431781354233,2000
29,3-class (A/B/C),mlp,0.740037349114029,0.014911801934851573,0.5764477638606872,2000
29,Binary bypass,linear,0.7894864311651948,0.0224068927259353,0.7709303223491288,2000
29,Binary bypass,mlp,0.7874414246339039,0.03913245183719877,0.75692906147517,2000
29,Binary faithful,linear,0.7305030906443165,0.009446236798549777,0.5922974058957712,2000
29,Binary faithful,mlp,0.8554971374821093,0.010333464001912394,0.597009874005239,2000
30,3-class (A/B/C),linear,0.672000422017563,0.012213273240858457,0.5797506209139148,2000
30,3-class (A/B/C),mlp,0.7269636013583294,0.022444114016089225,0.5335993326649481,2000
30,Binary bypass,linear,0.7849901530634567,0.0205134184481005,0.7665532948986747,2000
30,Binary bypass,mlp,0.786463943524647,0.023664471480923033,0.755218313377046,2000
30,Binary faithful,linear,0.7354943624647654,0.017989042662458973,0.5942955758300481,2000
30,Binary faithful,mlp,0.8364946124663278,0.020075324731943824,0.6048645020893242,2000
31,3-class (A/B/C),linear,0.6685253349997616,0.016116879551022496,0.573846673466883,2000
31,3-class (A/B/C),mlp,0.72650849590198,0.018580596567622197,0.5320426901931762,2000
31,Binary bypass,linear,0.7849863936649604,0.02043405989168233,0.7658317799594437,2000
31,Binary bypass,mlp,0.7834764311026944,0.02851086096040434,0.7510915119602546,2000
31,Binary faithful,linear,0.7375056031600197,0.013208907285465414,0.5990890272585387,2000
31,Binary faithful,mlp,0.8430008406302539,0.011320172977525385,0.57260796578756,2000
32,3-class (A/B/C),linear,0.6580414635054155,0.01634789856055382,0.566349408719662,2000
32,3-class (A/B/C),mlp,0.7310434962606577,0.02163722403427561,0.540909840968492,2000
32,Binary bypass,linear,0.7844851655322845,0.01473675221628619,0.7652226903032621,2000
32,Binary bypass,mlp,0.7839901593134957,0.007451971774606796,0.7510321815284201,2000
32,Binary faithful,linear,0.7289830530190813,0.01631006357765215,0.5895308932041831,2000
32,Binary faithful,mlp,0.8445046125288282,0.012227625007283303,0.5611602676777359,2000
33,3-class (A/B/C),linear,0.6655215942114563,0.008943379495544813,0.5693067659134242,2000
33,3-class (A/B/C),mlp,0.7335422805347758,0.02154247738534506,0.5647749356550963,2000
33,Binary bypass,linear,0.7854789186182413,0.02512406759919865,0.7669865871296565,2000
33,Binary bypass,mlp,0.7844851905324408,0.024792279245296152,0.7502703658760496,2000
33,Binary faithful,linear,0.7174955530972069,0.01909847260050218,0.5774467383007403,2000
33,Binary faithful,mlp,0.8369783217395108,0.021475851260248913,0.5843426884630845,2000
34,3-class (A/B/C),linear,0.6705203661254227,0.0180527621777983,0.5798945175610655,2000
34,3-class (A/B/C),mlp,0.7334923921632719,0.023214203804721844,0.5516467394105383,2000
34,Binary bypass,linear,0.7794801342508391,0.016017839519552542,0.7607288898376249,2000
34,Binary bypass,mlp,0.7859764498528116,0.02539768588175957,0.7547198102716394,2000
34,Binary faithful,linear,0.7194855467846674,0.01778918678709913,0.5845839064503078,2000
34,Binary faithful,mlp,0.8504934030837694,0.01245555912362364,0.575987667101004,2000
35,3-class (A/B/C),linear,0.669504175072736,0.01591494432618695,0.5763655653416534,2000
35,3-class (A/B/C),mlp,0.7114871800038303,0.02829921722672764,0.5199152689583675,2000
35,Binary bypass,linear,0.7819751529697061,0.01985765661755158,0.7628948527955884,2000
35,Binary bypass,mlp,0.7754838498990619,0.024418247499808126,0.7396007250434506,2000
35,Binary faithful,linear,0.7179830342689643,0.017696159252779953,0.5807292967697034,2000
35,Binary faithful,mlp,0.8330133594584966,0.014475929973562729,0.5707359845707705,2000
36,3-class (A/B/C),linear,0.6814943059812035,0.019833863102586544,0.591507260026465,2000
36,3-class (A/B/C),mlp,0.7194958961030821,0.016725938175829562,0.545145456085727,2000
36,Binary bypass,linear,0.7799826092663078,0.022955437693884785,0.7607225575020456,2000
36,Binary bypass,mlp,0.7904789686185538,0.013676741761761929,0.7597514657072787,2000
36,Binary faithful,linear,0.7255080656754105,0.012506368138937393,0.5851849174854944,2000
36,Binary faithful,mlp,0.8464996499978124,0.015541542739934005,0.5652833104835026,2000
37,3-class (A/B/C),linear,0.6730129470025605,0.014569410356884801,0.5806957152684012,2000
37,3-class (A/B/C),mlp,0.7280010518722458,0.0159900789913825,0.5112896392425241,2000
37,Binary bypass,linear,0.7779801280008,0.024454778764535157,0.7585313394797988,2000
37,Binary bypass,mlp,0.7834876405477534,0.023566154841127826,0.7497251849773787,2000
37,Binary faithful,linear,0.7324943687148044,0.019300664708567995,0.5884521918000802,2000
37,Binary faithful,mlp,0.840008321927012,0.011040364495860055,0.5747526677047702,2000
38,3-class (A/B/C),linear,0.6770117686369869,0.015024335518663112,0.5826930813971523,2000
38,3-class (A/B/C),mlp,0.731499879710069,0.015076186808240351,0.5165408965488548,2000
38,Binary bypass,linear,0.7759776029850186,0.030554279506356974,0.7571085562860145,2000
38,Binary bypass,mlp,0.7794564309776937,0.025708288619241213,0.7457162908308643,2000
38,Binary faithful,linear,0.7234880655504097,0.015420181872576709,0.5830862904743578,2000
38,Binary faithful,mlp,0.8490096375602347,0.008442086054883193,0.5886478672872516,2000
39,3-class (A/B/C),linear,0.6725216379617297,0.018079079483183595,0.5798608683869328,2000
39,3-class (A/B/C),mlp,0.7374937324701563,0.022247679266024292,0.5519695518796605,2000
39,Binary bypass,linear,0.7869751592197451,0.02137624378699217,0.7672721161196273,2000
39,Binary bypass,mlp,0.7794576591103695,0.027474027051415658,0.7439863505361026,2000
39,Binary faithful,linear,0.7409980968631055,0.007234109590320337,0.5996125922859161,2000
39,Binary faithful,mlp,0.8444996249976562,0.014179285097926876,0.5811102344910898,2000
40,3-class (A/B/C),linear,0.6779955527707123,0.011975101234192693,0.5824171886719434,2000
40,3-class (A/B/C),mlp,0.7340149047573339,0.0214706277562944,0.5662592833128745,2000
40,Binary bypass,linear,0.7819864061650386,0.017263654502830482,0.7630326129738656,2000
40,Binary bypass,mlp,0.777007621922637,0.01244775223019926,0.7418323314385529,2000
40,Binary faithful,linear,0.7414981406133788,0.018088755643311742,0.6034926549306345,2000
40,Binary faithful,mlp,0.8460046250289064,0.005009330221867771,0.5459038389122013,2000
41,3-class (A/B/C),linear,0.6650016935740177,0.02118673456435887,0.5633463652664856,2000
41,3-class (A/B/C),mlp,0.7304835953732174,0.016127184865244143,0.5526172980722545,2000
41,Binary bypass,linear,0.7854801717510733,0.017662184360708197,0.7668767377386063,2000
41,Binary bypass,mlp,0.7939952093450584,0.015013697736585186,0.7645455766426364,2000
41,Binary faithful,linear,0.7354956280976757,0.01904948098297374,0.5977732784707752,2000
41,Binary faithful,mlp,0.8355058719116994,0.012915974457295221,0.5645313170805731,2000
