layer,task,probe,accuracy,accuracy_std,f1_macro,f1_std,n
0,3-class (A/B/C),linear,0.5673023203945025,0.020237403927945166,0.5690953352323574,0.020117503616388376,4287
0,3-class (A/B/C),mlp,0.5742969593611368,0.014256786336186772,0.5763384235294835,0.01325589569481479,4287
0,Binary bypass (A vs non-A),linear,0.7466739017497477,0.010828017333583783,0.7148759172798328,0.011580980296371661,4287
0,Binary bypass (A vs non-A),mlp,0.7947279091969873,0.01694034128331696,0.7308463162143393,0.029107239559699155,4287
0,Binary faithful (C vs non-C),linear,0.644271092579144,0.012182089799827834,0.6312856653568255,0.012776004197370421,4287
0,Binary faithful (C vs non-C),mlp,0.6827557506670694,0.01704733784051988,0.6434585420364964,0.021134110899954074,4287
1,3-class (A/B/C),linear,0.5698642469937687,0.00781716709474915,0.5730549501306609,0.008210305960652671,4287
1,3-class (A/B/C),mlp,0.5547081079169761,0.01738010079738792,0.5576573531518016,0.017068419882146642,4287
1,Binary bypass (A vs non-A),linear,0.7634699023263785,0.01232551876990582,0.7283759630371731,0.013796636578121623,4287
1,Binary bypass (A vs non-A),mlp,0.7893644278708456,0.012471648589435383,0.7246150317660132,0.027952085678709163,4287
1,Binary faithful (C vs non-C),linear,0.6468384590905012,0.010472853866728984,0.6375875387375686,0.009846234723861935,4287
1,Binary faithful (C vs non-C),mlp,0.6776283615256778,0.007752086043549642,0.6383139478000691,0.007158930292736107,4287
2,3-class (A/B/C),linear,0.5626354198116158,0.016985657451908158,0.5663240303925037,0.016947084089503787,4287
2,3-class (A/B/C),mlp,0.5605356137444819,0.025770224025436893,0.5646042744153601,0.025995330782938853,4287
2,Binary bypass (A vs non-A),linear,0.7595017584515834,0.010884830279004788,0.7262735558543397,0.010032728460379404,4287
2,Binary bypass (A vs non-A),mlp,0.7942608927439733,0.006969462929101956,0.7338944446035252,0.011423028082132676,4287
2,Binary faithful (C vs non-C),linear,0.6512632835853372,0.01594213161349557,0.6416233368475381,0.015316382193551767,4287
2,Binary faithful (C vs non-C),mlp,0.6750680669000388,0.008967370512901996,0.630500683108126,0.012435641035383034,4287
3,3-class (A/B/C),linear,0.5754657244738925,0.017507152324249084,0.5779303073516442,0.0172262936067882,4287
3,3-class (A/B/C),mlp,0.566601659717179,0.011558684503755415,0.5697831246968296,0.012079204241796605,4287
3,Binary bypass (A vs non-A),linear,0.7644006712851521,0.016348890432760416,0.7334390062206397,0.015864688161640578,4287
3,Binary bypass (A vs non-A),mlp,0.7949588334652511,0.00822280078488282,0.7351382578412584,0.012829447933738839,4287
3,Binary faithful (C vs non-C),linear,0.6498706660900361,0.009439562308719,0.6395956067882772,0.006770972396128917,4287
3,Binary faithful (C vs non-C),mlp,0.6802000799667078,0.01392322719147882,0.6415894008391737,0.01808856477890645,4287
4,3-class (A/B/C),linear,0.591327692144495,0.019009962746600766,0.5941224595146225,0.01905740598411448,4287
4,3-class (A/B/C),mlp,0.5752337122232104,0.019270351501687617,0.5777225445946305,0.01871161450014334,4287
4,Binary bypass (A vs non-A),linear,0.7604355193620072,0.015804416595136785,0.7282772181501178,0.016165676783534963,4287
4,Binary bypass (A vs non-A),mlp,0.7907594933265878,0.01758836278178779,0.7293927354621761,0.019690635720277735,4287
4,Binary faithful (C vs non-C),linear,0.6489344572191713,0.013034303508348317,0.639295822169599,0.012331789519743262,4287
4,Binary faithful (C vs non-C),mlp,0.6818263416863183,0.009845478967027735,0.6409031700141995,0.014030753733767578,4287
5,3-class (A/B/C),linear,0.5882976611097964,0.02431001343337812,0.5910288050662456,0.024023275002522,4287
5,3-class (A/B/C),mlp,0.5850320818815568,0.015288113701178333,0.5876892246137817,0.01574725864062181,4287
5,Binary bypass (A vs non-A),linear,0.7646370354655069,0.012353527448907192,0.732344142810893,0.012229849435198958,4287
5,Binary bypass (A vs non-A),mlp,0.7954247619358472,0.012792220058186721,0.7312976914989405,0.017660150518803118,4287
5,Binary faithful (C vs non-C),linear,0.6591998433305318,0.012721207428808582,0.6487085355466381,0.011754148799466027,4287
5,Binary faithful (C vs non-C),mlp,0.6904611141483954,0.009114977665331233,0.6484065743470371,0.010518903750399475,4287
6,3-class (A/B/C),linear,0.5845634334549153,0.017409970924169137,0.5875578247571935,0.017125038984211544,4287
6,3-class (A/B/C),mlp,0.5724348774523804,0.01911998209526537,0.5753004442052899,0.02005884618616235,4287
6,Binary bypass (A vs non-A),linear,0.771401566150691,0.015536150943501768,0.7392080904169608,0.016935779854012147,4287
6,Binary bypass (A vs non-A),mlp,0.7956638460722475,0.013123400879637113,0.7334717939306292,0.01846616689253096,4287
6,Binary faithful (C vs non-C),linear,0.6561616524276968,0.016287881190060367,0.647427717835384,0.01579685504992366,4287
6,Binary faithful (C vs non-C),mlp,0.6862612300185228,0.015131612697397823,0.6521879830812775,0.010758039138717644,4287
7,3-class (A/B/C),linear,0.5861948630910124,0.01806186634049434,0.5893629690100013,0.017245943466269245,4287
7,3-class (A/B/C),mlp,0.5707980079041922,0.01710428491617924,0.5735337028188126,0.01754259490225581,4287
7,Binary bypass (A vs non-A),linear,0.7669677658009046,0.015598864614714741,0.7347877317370004,0.017136441008799564,4287
7,Binary bypass (A vs non-A),mlp,0.8021936445507041,0.012251654640370762,0.7419166889174422,0.018499910253571502,4287
7,Binary faithful (C vs non-C),linear,0.6650287091360603,0.016158182925640738,0.6555986510471916,0.0159218530317152,4287
7,Binary faithful (C vs non-C),mlp,0.6969873766839927,0.009073365283705491,0.6522068929494165,0.016586141581900665,4287
8,3-class (A/B/C),linear,0.5819974269215809,0.017982964832373542,0.5854440777959071,0.017429916498093508,4287
8,3-class (A/B/C),mlp,0.5738242310004271,0.01942350874945026,0.5778530653365548,0.01901013719072656,4287
8,Binary bypass (A vs non-A),linear,0.7709318297416313,0.01195334671978912,0.7370509390461677,0.013367889057540506,4287
8,Binary bypass (A vs non-A),mlp,0.7951941096631879,0.008182724284123671,0.7339545833174003,0.00870718766380678,4287
8,Binary faithful (C vs non-C),linear,0.6645668605995327,0.015498783909366817,0.655400884969467,0.014490632804753226,4287
8,Binary faithful (C vs non-C),mlp,0.6822928141481234,0.010931139710008426,0.63831839327529,0.007691588899815787,4287
9,3-class (A/B/C),linear,0.5817675906357354,0.022730810677865254,0.5855214218686247,0.022122117960320327,4287
9,3-class (A/B/C),mlp,0.5714964926166793,0.018236336001733452,0.5748918007020395,0.01856395272039407,4287
9,Binary bypass (A vs non-A),linear,0.7769986917011421,0.009611274276481726,0.7436982921180937,0.011261589324219654,4287
9,Binary bypass (A vs non-A),mlp,0.8045257348641245,0.011673258642079996,0.7453492046181376,0.015068711955267863,4287
9,Binary faithful (C vs non-C),linear,0.655235235398596,0.012855471805373992,0.6451615473695831,0.01187410014454146,4287
9,Binary faithful (C vs non-C),mlp,0.6797240876587434,0.021327637549576794,0.6366322443378838,0.014774639532007321,4287
10,3-class (A/B/C),linear,0.5873581882916772,0.01491180872028144,0.5910180334344448,0.014601949783868688,4287
10,3-class (A/B/C),mlp,0.572662265777785,0.021903996781854236,0.5766496242572072,0.021900939058350992,4287
10,Binary bypass (A vs non-A),linear,0.7732655520286793,0.010187924470199639,0.7409856067179399,0.0119192802343732,4287
10,Binary bypass (A vs non-A),mlp,0.7986897971728777,0.008708973213666836,0.7378553977754827,0.009863227969200663,4287
10,Binary faithful (C vs non-C),linear,0.652194052544111,0.02534466191557308,0.6423577008307345,0.025060199301213674,4287
10,Binary faithful (C vs non-C),mlp,0.6745907146140518,0.0218998765834241,0.6297195087847297,0.026819055076415986,4287
11,3-class (A/B/C),linear,0.583396844306996,0.016203292019810207,0.5870131886560099,0.015707017463062793,4287
11,3-class (A/B/C),mlp,0.5710370920405926,0.01612489883465646,0.5748661612116052,0.0161584067354734,4287
11,Binary bypass (A vs non-A),linear,0.7711668339439635,0.012539732639095816,0.7378059057540887,0.015101174047383132,4287
11,Binary bypass (A vs non-A),mlp,0.8047604670708519,0.013524588107706011,0.7405571673583318,0.017917486055676297,4287
11,Binary faithful (C vs non-C),linear,0.6505623509124092,0.02073725836853007,0.6410081252919521,0.020458487628460063,4287
11,Binary faithful (C vs non-C),mlp,0.6850911049277443,0.015379433534739709,0.6435079245794139,0.020778945948663828,4287
12,3-class (A/B/C),linear,0.5906262154803578,0.006750965205685005,0.593503801189383,0.006440064352797231,4287
12,3-class (A/B/C),mlp,0.5778037986906132,0.0246433146198029,0.5810279716228968,0.02395816273379415,4287
12,Binary bypass (A vs non-A),linear,0.7739643087367708,0.016988557471692166,0.7418642700460458,0.018642855651280328,4287
12,Binary bypass (A vs non-A),mlp,0.8073297375514412,0.011199755220048287,0.7469570887995806,0.014173892046856535,4287
12,Binary faithful (C vs non-C),linear,0.6568680250127159,0.01675208430452329,0.645603789360867,0.014661887961041734,4287
12,Binary faithful (C vs non-C),mlp,0.6927893965233521,0.013877436836154678,0.6531914285015692,0.013428690729892388,4287
13,3-class (A/B/C),linear,0.5936619584227519,0.01628707684598292,0.5963110412616939,0.01619171010087886,4287
13,3-class (A/B/C),mlp,0.5775693384794902,0.025505994734774887,0.5796081368334799,0.026186663684066584,4287
13,Binary bypass (A vs non-A),linear,0.7772315199386378,0.012614937215316079,0.7443573712999045,0.01336287333739558,4287
13,Binary bypass (A vs non-A),mlp,0.8049911193435115,0.014540672941567776,0.7444444867182911,0.018268164116596344,4287
13,Binary faithful (C vs non-C),linear,0.6629348869722266,0.016882578546865187,0.6524972010034016,0.016435974094571006,4287
13,Binary faithful (C vs non-C),mlp,0.6820613458886504,0.013897757650553408,0.6376529816561997,0.01800682048784157,4287
14,3-class (A/B/C),linear,0.5941306068493933,0.01674631921497742,0.5965895031663191,0.016551623045233846,4287
14,3-class (A/B/C),mlp,0.5927292854947466,0.01643974788581651,0.5947754169473314,0.015457817988899586,4287
14,Binary bypass (A vs non-A),linear,0.7718658626476597,0.013111292908484494,0.7394913992536278,0.014444257988286666,4287
14,Binary bypass (A vs non-A),mlp,0.7965929830573938,0.010979745102611646,0.734480196723602,0.01667958575752849,4287
14,Binary faithful (C vs non-C),linear,0.6652699692372972,0.013969334338148101,0.65369195104002,0.01247518836167657,4287
14,Binary faithful (C vs non-C),mlp,0.6962943318835968,0.013197840547368927,0.657740609000063,0.009717991924984213,4287
15,3-class (A/B/C),linear,0.5915610643731997,0.010258391540182484,0.5953232366610616,0.010286637608941492,4287
15,3-class (A/B/C),mlp,0.5815309544597759,0.018542168016020176,0.5836661778636192,0.018052162764723635,4287
15,Binary bypass (A vs non-A),linear,0.7744326851678076,0.011689660823155434,0.7419887988310612,0.012491869824902148,4287
15,Binary bypass (A vs non-A),mlp,0.8045213829344519,0.019367330421328332,0.7425647727169575,0.019071427776469693,4287
15,Binary faithful (C vs non-C),linear,0.6636352756539454,0.01861351390117521,0.6530006374002565,0.017135066547868522,4287
15,Binary faithful (C vs non-C),mlp,0.6932577729543891,0.008852765572713734,0.6556303341695433,0.010211502992967192,4287
16,3-class (A/B/C),linear,0.5878233007754595,0.005474127545762449,0.5907109783436153,0.005857709800850578,4287
16,3-class (A/B/C),mlp,0.5852659981014707,0.01657422488754901,0.5871690474992549,0.017399501360927782,4287
16,Binary bypass (A vs non-A),linear,0.7716319464277457,0.015550335817899365,0.7398063988460473,0.016344497577522397,4287
16,Binary bypass (A vs non-A),mlp,0.8091901874865701,0.00551103265737634,0.7504282297256452,0.010976502589718102,4287
16,Binary faithful (C vs non-C),linear,0.6664308464775209,0.017695508461551906,0.6546633821697297,0.016307049207742407,4287
16,Binary faithful (C vs non-C),mlp,0.691157422896046,0.018426842890950337,0.6537367419214093,0.020462945462110103,4287
17,3-class (A/B/C),linear,0.5948239236453938,0.007340077768837596,0.5977318128946676,0.007284381529382121,4287
17,3-class (A/B/C),mlp,0.5805971935493522,0.02236694758119437,0.5826700904990747,0.022691116718736283,4287
17,Binary bypass (A vs non-A),linear,0.7707014494645767,0.01245869813014455,0.7393311469896877,0.0124118811761272,4287
17,Binary bypass (A vs non-A),mlp,0.8021936445507041,0.008627016118402824,0.742629727256823,0.009998557721056197,4287
17,Binary faithful (C vs non-C),linear,0.6694660454287058,0.018512555689438312,0.657679228060138,0.01576425999771957,4287
17,Binary faithful (C vs non-C),mlp,0.6967556364289154,0.00818518744022667,0.6615161496346367,0.011547572288533186,4287
18,3-class (A/B/C),linear,0.5927233015914463,0.006244686777368893,0.5956056571982432,0.006584586661689135,4287
18,3-class (A/B/C),mlp,0.5682377132785534,0.015805728368941167,0.5714646502830327,0.016145773580315735,4287
18,Binary bypass (A vs non-A),linear,0.7730305478263472,0.015459517234469913,0.7419227413787206,0.015600350500737091,4287
18,Binary bypass (A vs non-A),mlp,0.7930943035960538,0.006610412427037588,0.7311091570045576,0.01011411089219709,4287
18,Binary faithful (C vs non-C),linear,0.6668967749481168,0.015183846811567073,0.6552792446418021,0.013543291150870806,4287
18,Binary faithful (C vs non-C),mlp,0.6836968554588158,0.01343521611650399,0.6436584300652157,0.01776824057814102,4287
19,3-class (A/B/C),linear,0.6006587733542226,0.010331225056026136,0.6030266792012345,0.010457500339674691,4287
19,3-class (A/B/C),mlp,0.5591394603063214,0.019560827387099317,0.5618941233955619,0.01941418631378242,4287
19,Binary bypass (A vs non-A),linear,0.7723309751314418,0.011817831272723315,0.7399958904057644,0.010968914783591216,4287
19,Binary bypass (A vs non-A),mlp,0.8042923626354199,0.008314667976351596,0.7434709919939031,0.011845147036491014,4287
19,Binary faithful (C vs non-C),linear,0.6720257960631356,0.021378804195004427,0.6604865723909237,0.019995187416046285,4287
19,Binary faithful (C vs non-C),mlp,0.6794934353860842,0.007359904059288416,0.6356235765770315,0.0104226162143243,4287
20,3-class (A/B/C),linear,0.594827459588253,0.01339260674688794,0.597642421544184,0.013608422695892984,4287
20,3-class (A/B/C),mlp,0.5722039531841165,0.022879603157457074,0.5748287490689106,0.02274199519247459,4287
20,Binary bypass (A vs non-A),linear,0.7718639586784277,0.011948149604983964,0.7402093426545425,0.012451827079420212,4287
20,Binary bypass (A vs non-A),mlp,0.8033583297293916,0.01274857843754128,0.7367909572120465,0.019669627589030503,4287
20,Binary faithful (C vs non-C),linear,0.6666653066886439,0.017067904286895745,0.6552076809879244,0.014646708091166196,4287
20,Binary faithful (C vs non-C),mlp,0.6766967765800905,0.008589794929525446,0.6369484184212365,0.0024654531643714503,4287
21,3-class (A/B/C),linear,0.6029895036896205,0.007702933692321523,0.6057366878141281,0.007985231884358004,4287
21,3-class (A/B/C),mlp,0.5761631212039613,0.015879978069818137,0.5795115998941116,0.01548133582532391,4287
21,Binary bypass (A vs non-A),linear,0.7692995841187207,0.016394300433427253,0.7364715992674277,0.01758547777267857,4287
21,Binary bypass (A vs non-A),mlp,0.806390808724531,0.005777678619297974,0.7487736979361959,0.01231226297311648,4287
21,Binary faithful (C vs non-C),linear,0.668763752777755,0.019617380876951414,0.6566560303883239,0.018719913192350387,4287
21,Binary faithful (C vs non-C),mlp,0.685336716958654,0.019302350247809786,0.6437794305619964,0.024941832945571903,4287
22,3-class (A/B/C),linear,0.5971565579500235,0.00466434717121123,0.599444214872132,0.004944241654963205,4287
22,3-class (A/B/C),mlp,0.568702009775522,0.02083870363204117,0.5706255285952627,0.020880955154886038,4287
22,Binary bypass (A vs non-A),linear,0.7744329571634122,0.017112549914960026,0.7428618594499259,0.01800621668530093,4287
22,Binary bypass (A vs non-A),mlp,0.7944948089638871,0.011481597922310894,0.7349291831286712,0.013889671338776218,4287
22,Binary faithful (C vs non-C),linear,0.6662007381960706,0.016110983503273914,0.6536763429229612,0.014551573509388778,4287
22,Binary faithful (C vs non-C),mlp,0.6944238181110994,0.00815831983599067,0.6567844689489319,0.006515577440156537,4287
23,3-class (A/B/C),linear,0.5999562087076673,0.008105303333920207,0.6023151504213153,0.008464958130700978,4287
23,3-class (A/B/C),mlp,0.5698707748882779,0.023230671025370478,0.5714940195056089,0.022685460819845318,4287
23,Binary bypass (A vs non-A),linear,0.7727977195888515,0.01981624389308621,0.7407174098435751,0.01969282572288848,4287
23,Binary bypass (A vs non-A),mlp,0.7979885925043451,0.01664254814639128,0.7373185713349498,0.022320242870126464,4287
23,Binary faithful (C vs non-C),linear,0.6694649574462878,0.01706308666116449,0.6577101665314171,0.016056626253576487,4287
23,Binary faithful (C vs non-C),mlp,0.6834632112345064,0.02047165964527918,0.6437993840168729,0.01888035509649841,4287
24,3-class (A/B/C),linear,0.6006538774333408,0.005736091153736926,0.6029599657133365,0.005804192372305308,4287
24,3-class (A/B/C),mlp,0.5742999513127869,0.019918832847886696,0.5769918048478331,0.020181182823331992,4287
24,Binary bypass (A vs non-A),linear,0.7725632593777285,0.01806995282143738,0.7411534688693895,0.018174451681921493,4287
24,Binary bypass (A vs non-A),mlp,0.7998596502680517,0.00783724703613757,0.7378261740791492,0.010015536284109079,4287
24,Binary faithful (C vs non-C),linear,0.6703984463611068,0.014907534141394629,0.6588832925890197,0.013562857339514999,4287
24,Binary faithful (C vs non-C),mlp,0.6806638324724672,0.011270508622081806,0.6377882374855952,0.016569284988088538,4287
25,3-class (A/B/C),linear,0.6001887649495583,0.010611778494562362,0.6030119812384003,0.010706166006778902,4287
25,3-class (A/B/C),mlp,0.5757048086102928,0.028428482020979844,0.5774067581949772,0.028072358900550057,4287
25,Binary bypass (A vs non-A),linear,0.7718642306740323,0.010587237830696088,0.7398279030382453,0.010944612498665279,4287
25,Binary bypass (A vs non-A),mlp,0.7930997435081449,0.014665645393469377,0.729269158538648,0.019922710079767616,4287
25,Binary faithful (C vs non-C),linear,0.669704041582688,0.017150212935979448,0.6576734901212193,0.01611305232782983,4287
25,Binary faithful (C vs non-C),mlp,0.6785724582690744,0.024518067699109494,0.6362993454861685,0.03277487891880875,4287
26,3-class (A/B/C),linear,0.5980873269087972,0.010124865212537906,0.6004351195856434,0.010665749727632744,4287
26,3-class (A/B/C),mlp,0.5633379844581712,0.03068398866278124,0.5666001037152444,0.030583539679384614,4287
26,Binary bypass (A vs non-A),linear,0.7762980310238186,0.014722808761020285,0.7448858103420102,0.015096361803112477,4287
26,Binary bypass (A vs non-A),mlp,0.7956578621689474,0.012077880581092989,0.7301131739635799,0.017762508152446857,4287
26,Binary faithful (C vs non-C),linear,0.6692343051736285,0.017139045665817077,0.6575013534551929,0.015210470629031546,4287
26,Binary faithful (C vs non-C),mlp,0.6813669411102317,0.01670889679238962,0.6378674650843363,0.01940855062493304,4287
27,3-class (A/B/C),linear,0.5978561306449288,0.011591079153575965,0.6003975707343493,0.012111342387375108,4287
27,3-class (A/B/C),mlp,0.5757012726674338,0.018452704538871604,0.5773544065680551,0.01903439508138132,4287
27,Binary bypass (A vs non-A),linear,0.7751338898363402,0.01937327211771911,0.7439478555840526,0.019762370952808285,4287
27,Binary bypass (A vs non-A),mlp,0.8005581349805387,0.010914767455524743,0.7378276340355842,0.015517105114796552,4287
27,Binary faithful (C vs non-C),linear,0.6652677932724608,0.017620121216000692,0.6534888378243131,0.015976264941362568,4287
27,Binary faithful (C vs non-C),mlp,0.6836971274544204,0.008596692905323437,0.6417251034579549,0.0072381929089807345,4287
28,3-class (A/B/C),linear,0.5980886868868198,0.0076792897405756,0.6001778281308043,0.008291624488144035,4287
28,3-class (A/B/C),mlp,0.5735971146706269,0.01742642507434267,0.57598327914511,0.01702488024210426,4287
28,Binary bypass (A vs non-A),linear,0.7676670665002054,0.014767699415611372,0.7357834281460502,0.014559291665199267,4287
28,Binary bypass (A vs non-A),mlp,0.8042901866705835,0.008237378939953816,0.7414528367747695,0.01164070855893884,4287
28,Binary faithful (C vs non-C),linear,0.6673659673659673,0.016549415380061713,0.6553659298219434,0.014866275347651657,4287
28,Binary faithful (C vs non-C),mlp,0.6918580835733694,0.005137785560671676,0.6478752700825905,0.007381134244343676,4287
29,3-class (A/B/C),linear,0.6008902416136955,0.008399836870492476,0.6029643930535801,0.00816689366827357,4287
29,3-class (A/B/C),mlp,0.5740687550489184,0.02284166420704772,0.5764630524860943,0.02224642510662569,4287
29,Binary bypass (A vs non-A),linear,0.7697652405937119,0.019277302657079907,0.7376682622713983,0.019777254629846627,4287
29,Binary bypass (A vs non-A),mlp,0.7958947703405113,0.009122615570745628,0.7323591477622562,0.01218118303823475,4287
29,Binary faithful (C vs non-C),linear,0.6652661612988334,0.01798623572722699,0.6531465118362864,0.015342622491947695,4287
29,Binary faithful (C vs non-C),mlp,0.684862900615526,0.008514098173227829,0.6442962829406189,0.009762546811258547,4287
30,3-class (A/B/C),linear,0.5882930371845191,0.009232323194042878,0.5911958117657982,0.009435431172605738,4287
30,3-class (A/B/C),mlp,0.5698658789673959,0.019138992784268206,0.5722809114668478,0.018989555136353985,4287
30,Binary bypass (A vs non-A),linear,0.7669664058228819,0.017998163722975812,0.7354434852365109,0.01839071745557264,4287
30,Binary bypass (A vs non-A),mlp,0.8010281433852029,0.012912926124295196,0.7391769110995854,0.016793360553154446,4287
30,Binary faithful (C vs non-C),linear,0.662934614976622,0.017934771221105962,0.6507395994918685,0.015140571240071808,4287
30,Binary faithful (C vs non-C),mlp,0.6806654644460945,0.005703813692275601,0.643846354399954,0.011051904739124499,4287
31,3-class (A/B/C),linear,0.5920278088306093,0.013199647832199434,0.5940249166248869,0.013435993961013921,4287
31,3-class (A/B/C),mlp,0.5605345257620636,0.017357864341522315,0.5627821548366525,0.017148533186926235,4287
31,Binary bypass (A vs non-A),linear,0.7676667945046008,0.012580332309887296,0.736897554261621,0.012926148665866655,4287
31,Binary bypass (A vs non-A),mlp,0.8005589509673523,0.01188117924357558,0.7370908955304721,0.022841611080638414,4287
31,Binary faithful (C vs non-C),linear,0.6689984849844827,0.016357820894992946,0.6565315426171099,0.014477202267826256,4287
31,Binary faithful (C vs non-C),mlp,0.6864954182340413,0.008659363423689607,0.6430575892739421,0.011014412961496623,4287
